CountryName,CountryCode,2000,2001,2002,2003,2004,2005,2006,2007,2008,2009,2010,2011,2012,2013,2014,2015,2016,2017,2018,2019,2020,2021,2022,2023
Aruba,ABW,4.715360165,4.798500061,4.871779919,,4.357140064,4.623690128,,4.702529907,4.827320099,5.797770023,6.750989914,5.914380074,6.34758997,6.442770004,5.850840092,5.887829781,5.49105978,,,,,,,
Africa Eastern and Southern,AFE,3.606129885,4.341670036,,,3.74496007,4.00578022,3.871469975,,4.28008008,,4.496590137,4.639014482,4.931210041,4.689917088,4.717299938,4.743500233,4.691999912,4.820445061,4.739749908,4.541950226,4.35243988,4.632254839,3.906225443,
Afghanistan,AFG,,,,,,,4.684760571,4.174895287,4.383672237,4.810639858,3.479449987,3.462009907,2.604199886,3.454459906,3.695219994,3.255800009,4.543970108,4.343190193,,,,,,
Africa Western and Central,AFW,2.565020084,2.42614007,2.580104947,2.447590113,2.427605033,2.656599998,2.558520079,2.737470031,2.498270035,2.907900095,3.014410019,2.772005081,2.881599903,3.029710054,2.914229989,3.195421457,2.899100065,3.535589933,3.071542978,3.100235343,3.403950334,3.282970428,2.928443313,
Angola,AGO,2.607530117,,,,,2.120110035,2.281460047,,,2.920000076,3.421319962,3.24000001,3.081910849,3.869999886,2.930000067,3.099999905,2.754936695,2.466878891,2.044701338,2.073064327,2.744996548,2.297108889,2.332125902,
Albania,ALB,3.430170059,3.458699942,3.117799997,3.138230085,3.227519989,3.281549931,3.191459894,3.275929928,3.509226084,,3.41307497,3.240008354,3.30906105,3.539299965,3.216967106,3.437969923,3.962090015,3.611720085,3.152944803,3.916239977,3.342299938,3.0904212,,
Andorra,AND,,,1.65971005,,1.544119954,1.644970059,2.244899988,2.104690075,2.873929977,3.142920017,2.976629972,2.98706007,2.565778971,2.506160021,3.074209929,3.28034997,3.237070084,3.217089891,3.246720076,3.15060997,2.856162786,2.583972216,2.666229963,
Arab World,ARB,,,5.032866716,,5.021100044,,3.930559993,,4.33701992,,,,4.124774933,,,,,,,,,,,
Argentina,ARG,4.580309868,4.833740234,4.017340183,3.535049915,3.486520052,3.860009909,4.128210068,4.462600231,4.844409943,5.531050205,5.019710064,5.290629864,5.345829964,5.436610222,5.361440182,5.776110172,5.545489788,5.454319954,4.877739906,4.777599812,5.279640198,4.647600174,,
Armenia,ARM,2.772730112,2.469439983,2.135040045,2.145040035,2.486730099,2.712029934,2.715770006,3.018939972,3.172729969,3.840790033,3.249000072,3.143850088,2.772480011,2.650180101,2.247240067,2.80591011,2.75812006,2.707590103,2.255867958,2.571912289,2.705559969,2.771339893,2.49326992,
American Samoa,ASM,,,,,,,14.7170496,,,,,,,,,,,,,,,,,
Antigua and Barbuda,ATG,,,3.395250082,,,,,,,2.508889914,,,2.356193304,2.647289991,2.553863287,2.655928612,2.909459352,2.876909018,3.239021063,3.457345009,,3.880490303,3.5633533,
Australia,AUS,4.884079933,5.226138592,5.307855129,5.246357441,5.194594383,4.89673996,4.738430023,4.653649807,4.630519867,5.081319809,5.538119793,5.06814003,4.866670132,5.229090214,5.164549828,5.31551981,5.28689003,5.138229847,5.124310017,5.134290218,5.608449936,5.556048393,,
Austria,AUT,5.588809967,5.575479984,5.522130013,5.361830235,5.302430153,5.249370098,5.226520061,5.146900177,5.263959885,5.730249882,5.700479984,5.592269897,5.480400085,5.547110081,5.447619915,5.456580162,5.47961998,5.371590137,5.226550102,5.21750021,5.569009781,4.986499786,,
Azerbaijan,AZE,3.853990078,3.503420115,3.154459953,3.286149979,3.447700024,2.974620104,2.555520058,2.549279928,2.44092989,3.224309921,2.780620098,2.435640097,2.067630053,2.442130089,2.633039951,2.951679945,2.903409958,2.473819971,2.455430031,3.176460028,4.332049847,3.702080011,2.904259443,
Burundi,BDI,2.645479918,2.903909922,3.004930019,,3.74496007,3.632159948,,,5.192900181,6.171949863,6.775249958,6.319250107,6.167779922,5.995399952,6.784520149,6.371339798,4.691999912,4.762020111,5.078649998,5.346684456,5.321585178,4.871141911,,
Belgium,BEL,5.532732964,5.676054955,5.789683819,5.891302109,5.629337788,5.795859814,5.62658596,5.518233776,6.332940102,6.458099842,6.442590237,6.431990147,6.255764961,6.630529881,6.590469837,6.451570034,6.461730003,6.425340176,6.381070137,6.33397007,6.812329769,6.234233379,,
Benin,BEN,2.113660097,2.365099907,2.159490108,2.283159971,2.566900015,2.656680107,2.56340003,2.363310099,2.777280092,3.089270115,3.679970026,4.400000095,3.562020063,3.327510118,3.161789894,3.17298007,2.899100065,3.535589933,2.931619883,3.002736092,2.939019918,3.193180799,3.210926771,
Burkina Faso,BFA,,,,,,3.941139936,3.982189894,4.07983017,,,3.502229929,3.985150099,3.603159904,4.083439827,4.053299904,3.67008996,,5.628469944,5.488609791,5.407136917,5.150865078,5.224015236,5.276512146,
Bangladesh,BGD,2.125080109,2.171930075,2.017149925,2.069390059,1.940140009,,2.131289959,2.202219963,2.05456996,1.939419985,,2.132699966,2.046670675,1.966160059,2.098716736,1.872254133,2.221199989,1.850400329,1.655891299,1.681388021,1.765280604,1.831179976,1.972786188,
Bulgaria,BGR,4.219832897,3.384239912,3.386080027,3.998450041,2.319950104,4.108799934,3.903460026,3.680340052,4.219089985,4.274290085,3.857969999,3.546979904,3.476370096,4.058229923,4.070053101,3.912084341,3.393708229,4.075270176,4.045289993,4.19715023,4.502870083,4.492647648,,
Bahrain,BHR,,,,,,,2.874409914,2.575000048,2.496779919,,,,2.645309925,2.476890087,2.467459917,2.674540043,3.25597024,2.324520111,2.808009863,2.384604454,2.552374601,2.220525265,1.987460494,
"Bahamas, The",BHS,2.232840061,,,,,,,,,,,2.34986043,2.452630043,2.472421408,2.448431969,2.399080276,2.603868723,2.806545019,2.566341162,2.700974464,2.866807222,3.573005915,2.94846344,
Bosnia and Herzegovina,BIH,,,,,,,,,,,,,,,,,,,,,,,,
Belarus,BLR,6.196619987,,,6.310182095,5.712259769,5.871029854,6.076960087,5.152100086,5.713215351,4.368939877,5.220039845,4.684790134,4.959640026,5.009419918,4.818329811,4.787509918,4.946549892,4.795000076,5.381100178,4.979489803,4.862639904,4.606410027,,
Belize,BLZ,3.778970003,4.322100163,,3.938060045,4.043340206,,,,4.328110218,4.828690052,5.267479897,5.51967907,5.47151041,5.141980171,5.147729874,5.357739925,5.680840015,5.902510166,6.074989796,5.90775013,5.152190208,5.856490135,4.473050117,
Bermuda,BMU,,,,1.666270018,1.775879979,1.988770008,,,,2.289200068,2.306689978,,,,1.536880016,1.501639962,1.915443897,1.324959993,1.93595469,1.926798224,1.890087724,1.884916902,1.922213435,
Bolivia,BOL,,,7.195047855,6.629619122,6.847718239,6.713525295,6.434219837,6.720489979,6.723020077,7.574860096,6.973790169,6.450560093,6.627999783,6.803219795,7.478129864,8.143429756,8.15060997,8.097240448,8.015870094,8.091039658,8.437109947,,,
Brazil,BRA,3.948930025,3.844680071,3.750370026,,3.974479914,4.4790802,4.870600224,4.974259853,5.268839836,5.463550091,5.648799896,5.737410069,5.855100155,5.838850021,5.948480129,6.24105978,6.314040184,6.32047987,6.088510036,5.963469982,5.771500111,,,
Barbados,BRB,4.71585989,6.055369854,5.880620003,6.245699883,6.024280071,5.669650078,,5.220449924,4.922599792,5.116260052,6.054180145,,5.262509823,5.148890018,6.143179893,5.383097649,4.697669983,4.363840103,5.424949169,4.111229897,4.202179909,4.975999832,4.508759975,
Brunei Darussalam,BRN,3.705909967,,,,,,,,,,2.046610117,3.322099924,2.889590025,,3.353189945,,4.425409794,,,,,,,
Bhutan,BTN,5.786759853,5.91573,,,6.609069824,7.287149906,,,4.911590099,4.741740227,4.12473011,4.765230179,,5.722750187,6.04489994,6.238259792,6.336563587,6.699768543,6.074201107,4.761352539,5.980710506,6.974162102,8.141788483,
Botswana,BWA,,,,,,10.67858982,,9.04666996,,9.825300217,,,9.258067131,8.017206192,8.223062515,8.394579887,8.73589325,7.809244633,7.905385971,8.398996353,8.058336258,,,
Central African Republic,CAF,1.612650037,,1.519569993,1.539800048,1.624529958,1.652220011,1.415060043,1.313320041,1.290009975,1.254580021,1.117609978,1.107920051,1.980347276,2.63821435,2.220153332,1.91022861,1.754088998,1.753650188,1.565876007,1.767920732,2.1446805,1.87251687,2.115091324,
Canada,CAN,5.423319817,4.953030109,4.993080139,,,4.765880108,,4.766409874,4.62612009,4.840579987,5.356369972,5.262050152,4.692587376,4.589009762,4.843589783,4.739379883,4.816420078,4.959969997,4.888979912,4.772930145,4.887949944,4.594006062,4.139571667,
Central Europe and the Baltics,CEB,4.983930111,5.228459835,5.179230213,5.057149887,4.834060192,4.810269833,4.825729847,4.595210075,4.839900017,4.946360111,4.723750114,4.56317997,4.717720032,4.538440228,4.486579895,4.817009926,4.65749979,4.075270176,4.243569851,4.273190022,4.721590042,5.001584053,,
Switzerland,CHE,4.658780098,4.822189808,5.17881012,5.384009838,5.314290047,5.084720135,4.841209888,4.583950043,4.757259846,4.925610065,4.802100182,4.856639862,4.898620129,4.913929939,4.930570126,4.99559021,4.981639862,5.017650127,4.930089951,5.014389992,5.291639805,5.044342995,,
Channel Islands,CHI,,,,,,,,,,,,,,,,,,,,,,,,
Chile,CHL,3.757070065,,4.048810005,3.918689966,3.543070078,3.280169964,3.040149927,3.233160019,3.79189992,4.254759789,4.189539909,4.061729908,4.541704178,4.548140049,4.751679897,4.903900146,5.36646986,5.432789803,5.473060131,5.619969845,5.62514019,,,
China,CHN,,,,,,,,2.700734854,3.631788254,3.751522064,3.754642487,3.521965027,3.944094181,3.710476398,3.580334187,3.813829899,3.761115551,3.667450428,3.542494535,3.541054726,3.572956324,3.297843456,,
Cote d'Ivoire,CIV,2.40031004,2.444770098,2.810480118,2.864370108,2.911760092,2.919440031,2.819999933,3.016139984,3.098530054,3.173939943,3.246510029,2.865760088,3.434469938,3.458600044,3.314169884,3.494129896,3.935930014,3.736540079,3.211649895,3.440670013,3.78944993,3.372760057,3.515510082,
Cameroon,CMR,1.702849984,2.297339916,,2.822590113,2.795300007,2.65651989,2.539910078,2.87816,2.498270035,2.907900095,2.84803009,2.653369904,2.603060007,2.655479908,2.583960056,2.657919884,2.562340021,3.059629917,3.030960083,3.047399521,3.103901386,2.827640772,2.617684364,
"Congo, Dem. Rep.",COD,,,,,,,,,,,1.524979949,,,2.062210083,1.951429963,2.170439959,2.118690014,1.454949975,,,2.622638464,2.660484791,3.002521276,
"Congo, Rep.",COG,,,3.208319902,2.836159945,2.288130045,1.681020021,,,,,5.686729908,2.646529675,2.739230633,5.013881207,3.183710098,3.282579899,5.210515976,4.450520039,2.995480061,3.559468985,4.619013786,3.67454195,2.951592207,
Colombia,COL,3.511209965,3.708679914,4.268129826,4.325139999,4.079349995,4.020989895,3.916719913,4.083010197,3.938780069,4.776519775,4.83382988,4.466080189,4.370389938,4.878550053,4.629459858,4.470389843,4.477210045,4.535510063,4.449100018,4.510690212,5.265500069,,,
Comoros,COM,,,2.258419991,,,,,,4.42264986,,,2.830450058,2.747839928,2.382760048,2.744729996,2.545059919,,,,,2.378050804,2.274853945,2.431644201,
Cabo Verde,CPV,,,7.876820087,,7.476640224,,6.529600143,4.959819794,5.034649849,4.865869999,5.076580048,4.597849846,5.397695541,4.561570168,4.521349907,4.806220055,4.754759789,4.592780113,4.787922859,4.138510227,,6.037500858,,
Costa Rica,CRI,4.666950226,4.832029819,5.150440216,5.133739948,4.890629768,,4.616139889,4.63451004,4.886970043,6.010300159,6.565740108,6.379889965,6.582399845,6.687399864,6.67952013,6.87349987,6.893959999,7.069809914,6.769919872,6.738080025,6.62898016,6.281710148,,
Caribbean small states,CSS,3.869560003,4.223160028,4.459119916,3.696724892,3.912549973,4.616419792,,5.49022007,6.191319942,6.198480129,6.370600224,6.266640186,4.371143818,4.462421417,4.293595433,4.301859856,4.540880203,4.281205893,4.315299869,4.381144285,4.912137508,4.320009947,4.079945326,
Cuba,CUB,7.704810143,8.358090401,9.571169853,9.940859795,10.26823044,10.55778027,9.057169914,11.86820984,14.05908012,13.12485981,12.83730984,,11.55166054,10.67169571,9.607468605,8.963336945,9.013133049,,,9.046969414,11.52479649,,,
Curacao,CUW,,,,,,,,,,,,,6.293713093,5.10559988,,7.360690117,7.234452724,,6.812981606,6.624621391,7.725708485,7.01665163,,
Cayman Islands,CYM,,,,,,,,,,,,,,,,,,,2.316178799,2.215896606,,,2.866097927,
Cyprus,CYP,4.9895401,5.11552,5.581669807,6.670229912,6.117720127,6.286670208,6.330269814,6.280829906,6.722760201,7.205450058,6.525599957,6.520420074,5.911854744,6.467470169,6.421110153,6.304910183,6.11811018,5.69961977,5.039629459,5.21296978,5.686289787,5.61941576,,
Czechia,CZE,3.64034009,3.732830048,3.95878005,4.117280006,3.992389917,3.865910053,4.195509911,3.84717989,3.727190018,4.14605999,4.033500195,4.242090225,4.220709801,4.046760082,3.965229988,5.751820087,5.553730011,3.806159973,4.266059875,4.542469978,4.721590042,5.053264141,,
Germany,DEU,4.068152428,4.147081375,4.163057327,4.1710186,4.10064888,4.62490797,4.0252738,3.92246604,4.549240112,4.340054035,5.095880032,4.984250069,4.928440094,4.935389996,4.921020031,4.855150223,4.839230061,4.871829987,4.979330063,5.116769791,5.587590218,4.530963898,,
Djibouti,DJI,9.659999847,7.805429935,8.447600365,8.889849663,9.264670372,8.365889549,8.278779984,8.40625,,,4.49022007,,6.351275444,4.647825241,4.384075165,3.598949909,3.922260046,3.733449936,3.751430035,,,,,
Dominica,DMA,,,,,,,,,,,,,4.393104553,4.464482784,4.5245924,3.408580065,5.129719734,4.766750813,5.153604507,5.534490108,4.69630003,5.465845108,5.132938862,
Denmark,DNK,8.084340096,8.215450287,8.213029861,8.121930122,8.207630157,8.085570335,7.729909897,7.615600109,7.4760499,8.448880196,8.559550285,8.48486042,7.237820148,8.494429588,7.634850025,7.0104146,7.476940155,7.115859985,7.000150204,6.909699917,7.389110088,6.039748669,,
Dominican Republic,DOM,1.888290048,1.967829943,1.914010048,1.84465003,,,,2.046789885,,,,,,3.628181458,3.622434378,3.604002714,3.850495577,3.920267582,3.918210745,4.042768955,4.517698288,3.747313499,3.75098896,
Algeria,DZA,,,,,,,,,4.33701992,,,,7.637597084,7.29229641,7.31870079,7.962967396,7.344342709,6.401838303,6.324539185,6.036906719,7.042397499,6.299347401,,
East Asia & Pacific (excluding high income),EAP,4.208930016,2.92463994,2.89222002,,2.748470068,,,3.061334968,3.570144176,3.806730986,3.754642487,3.651097536,3.770506263,3.767437458,3.540122986,3.583600044,3.569971323,3.441989064,3.246532083,3.084998369,3.531990528,3.016882181,,
Early-demographic dividend,EAR,3.905099988,4.105879784,4.017340183,4.168700218,3.578660011,,4.209100008,3.618584991,4.125389934,4.422070026,4.027415037,4.07831502,4.404124975,4.421679974,4.0832901,3.969330072,3.886377811,3.931309938,3.751430035,3.487755537,4.102292538,3.881080627,3.692854047,
East Asia & Pacific,EAS,4.172099948,3.542490005,3.864919901,,3.652760029,,,3.178879976,3.508500099,3.887760758,3.599519968,3.605279922,3.64741993,3.760319948,3.562070012,3.583600044,3.569971323,3.441989064,3.310805082,3.355791569,3.616491556,3.297843456,,
Europe & Central Asia (excluding high income),ECA,3.469280005,3.384239912,3.227304935,3.482344985,3.337610006,3.642030001,3.634880066,3.546805024,3.80548799,4.274290085,3.847624302,3.935110092,3.959833622,4.058229923,4.041966438,3.912084341,3.962090015,4.323689938,4.300039768,4.056695104,4.389126778,4.439170837,,
Europe & Central Asia,ECS,4.388735056,4.650090218,4.530329943,5.040420055,4.834060192,4.878399849,4.907670021,4.633289814,4.839900017,4.968065023,5.03881979,4.896920204,4.880110025,4.935389996,4.925795078,4.909530163,4.839230061,4.780539989,4.67667985,4.654415131,4.862639904,5.001584053,,
Ecuador,ECU,1.150930047,,,,,,,,,4.342420101,4.507430077,4.726890087,4.643070221,5.004640102,5.260990143,4.998700142,4.362748146,4.614257813,4.621455193,4.225659847,4.114019871,3.691380024,3.64703989,
"Egypt, Arab Rep.",EGY,,,4.795883656,4.945630074,4.6707201,4.794429779,4.001780033,3.68460989,3.760829926,3.639190912,3.542651892,3.344296455,3.368304729,4.122526169,4.251385689,3.930848122,,,,,,,,
Euro area,EMU,5.274270058,5.33713007,5.258719921,5.085664988,4.961565018,4.976174831,4.95732069,4.674350023,5.069284916,5.559059858,5.412489891,5.113430023,5.221613884,5.270969868,5.176151276,4.969085217,4.839230061,4.871829987,4.804859877,4.896490097,5.143194914,5.061165571,,
Eritrea,ERI,,4.047160149,3.523900032,,3.148969889,,2.127000093,,,,,,,,,,,,,,,,,
Spain,ESP,4.166049957,4.111269951,4.134570122,4.173429966,4.157859802,4.144320011,4.184820175,4.254049778,4.528059959,4.912000179,4.856080055,4.896920204,4.46931982,4.349619865,4.301509857,4.284570217,4.225440025,4.205520153,4.179490089,4.230219841,4.899869919,4.585320473,,
Estonia,EST,5.339459896,5.228459835,5.43460989,5.273099899,4.876749992,4.810269833,5.856762409,4.619909763,5.484039783,5.960050106,5.517789841,5.014490128,4.717720032,4.843880177,4.394330025,5.144189835,5.15763998,4.961319923,5.239970207,5.295710087,5.519929886,5.910652637,,
Ethiopia,ETH,3.983109951,3.700289965,3.632450104,,,,5.490960121,5.451129913,5.408199787,4.422070026,4.496590137,5.485760212,5.56678009,4.498549938,4.602019787,5.15336132,5.061513901,5.499050617,5.220111847,4.480869293,4.090565205,4.065248966,3.736495018,
European Union,EUU,5.073889971,5.273744822,5.218975067,5.114180088,5.046380043,5.073949814,5.006971359,4.715410233,5.029049873,5.522659779,5.202460051,5.043055058,4.938925028,4.978315115,5.045284986,4.93930769,4.815949917,4.69770503,4.623439789,4.654415131,4.876560211,5.001584053,,
Fragile and conflict affected situations,FCS,,,,,,,,,,,3.41166997,3.608119965,3.333155036,3.571994901,3.671705008,3.476334929,3.02660501,3.789769888,3.013220072,3.540638566,,,,
Finland,FIN,5.709300041,5.840250015,6.0167799,6.167439938,6.157579899,6.02507019,5.928380013,5.67125988,5.83010006,6.459559917,6.504449844,6.445049763,7.148039818,7.124040127,7.102369785,7.032080173,6.851530075,6.363110065,6.275579929,6.416950226,6.634940147,5.693808556,,
Fiji,FJI,5.877739906,5.643109798,6.275869846,,6.209159851,5.167059898,5.655320168,5.894720078,4.25357008,4.498479843,,4.17305994,4.46150589,3.882889986,3.769609213,4.809317589,4.835902691,4.881334305,5.038042068,5.117683411,5.747410774,5.974759102,,
France,FRA,5.60021925,5.617800236,5.780975342,5.762063026,5.549233913,5.470050812,5.475310326,5.304528713,5.404079914,5.734070778,5.658596039,5.482983112,5.456467152,5.500378132,5.512063026,5.464240074,5.419069767,5.451600075,5.407169819,5.354430199,5.677840233,5.245027065,,
Faroe Islands,FRO,,,,,,,,,,,,,,,,,,,,,,,,
"Micronesia, Fed. Sts.",FSM,6.706870079,,,,,,,,,,,,11.71922874,12.34388351,12.22816849,13.64651012,13.51266003,12.41641712,9.697045326,10.22599125,10.53921604,,,
Gabon,GAB,3.827090025,,,,,,,,,,3.078089952,2.987459898,3.013400078,3.029710054,2.666670084,2.824359894,2.667730808,3.555707932,3.071542978,2.874309778,3.398740768,2.700792789,2.207736492,
United Kingdom,GBR,4.014750004,4.098690033,4.615200043,4.800980091,4.730510235,4.926849842,4.973309994,4.921780109,4.906070232,5.059020042,5.687369823,5.558959961,5.627909184,5.526830196,5.59841013,5.553589821,5.415110111,5.431250095,5.198070049,5.248710155,5.497700214,5.327368259,,
Georgia,GEO,2.181050062,2.137500048,2.235019922,2.065599918,2.914200068,2.484319925,3.00364995,2.696870089,2.919549942,3.222379923,2.803647995,2.576139927,1.906100035,3.473221779,2.997686625,3.164874077,3.593869925,3.574429989,3.52105999,3.866669893,3.849859238,3.637589931,3.812849998,
Ghana,GHA,,5.354440212,,,7.535580158,7.42208004,5.147940159,5.519869804,5.757959843,5.317440033,5.540599823,8.14097023,7.919139862,4.576469898,4.39978981,4.434050083,4.394529819,3.533629894,3.886130095,3.153071165,3.409159899,3.41949439,2.905294418,
Gibraltar,GIB,,,,,,,,,,,,,,,,,,,,,,,,
Guinea,GIN,2.593400002,2.081909895,2.593869925,2.371020079,2.210000038,1.849060059,,,1.581120014,2.207250118,2.551189899,2.287420034,1.833709955,2.63421011,2.422810078,2.517139912,2.544500113,2.320339918,2.384320021,1.858129978,2.432670116,2.040748119,1.985614896,
"Gambia, The",GMB,1.465870023,1.158100009,1.44291997,1.363379955,0.622470021,0.691879988,0.751630008,0.81686002,2.181299925,1.908139944,2.563220024,2.50116992,2.637569904,1.818390012,2.230940104,2.160029888,2.024430037,2.459194422,2.365439892,2.654929399,2.887345791,2.940399408,2.727820396,
Guinea-Bissau,GNB,,,,,,,,,,,1.860820055,1.857859969,2.001060009,2.13248992,,,,,,,,,,
Equatorial Guinea,GNQ,,,,,,,,,,,,,,,,,,,,,,,,
Greece,GRC,3.230190039,3.364579916,3.424309969,3.429339886,3.667190075,3.963959932,3.678757906,3.621951103,3.804991007,4.165074348,4.140564919,4.516300201,4.582202911,4.495119095,4.321356773,3.661390066,4.015610695,3.477089882,3.597340107,3.586060047,4.497175217,4.056227207,,
Grenada,GRD,,,,3.926739931,,,,,,,5.075082302,5.485323429,5.072258949,,4.477565765,4.238610268,,3.173799992,3.559193373,,,4.090303421,3.935364962,
Greenland,GRL,,,,,,,,,,,,,,,,,,,,,,,,
Guatemala,GTM,,,,,,,3.032850027,3.088089943,3.236860037,,2.848649979,2.968650103,3.005249977,2.888089895,2.985620022,3.030329943,2.944740057,2.950099945,3.131939888,3.192970037,3.295030117,3.106349945,3.229409933,
Guam,GUM,,,,,,,,,,,,,,,,,,,,,,,,
Guyana,GUY,8.484149933,8.397299767,8.365539551,6.955900192,5.51293993,8.139730453,3.118910074,2.391170025,,2.150579929,2.409389973,2.506690025,2.241319895,,4.360330105,3.895699978,4.737750053,4.66478014,4.45058012,,,,,
High income,HIC,4.884079933,4.953030109,5.085945129,5.085664988,5.046380043,4.911794901,4.874439955,4.68453002,4.872985125,5.059020042,5.297860146,5.041315079,4.866670132,4.913929939,4.930570126,4.906715155,4.811540127,4.780539989,4.675159931,4.681735039,4.876560211,4.986499786,,
"Hong Kong SAR, China",HKG,,3.903700113,4.015540123,4.285299778,4.558959961,4.134630203,3.842789888,3.454550028,3.260629892,4.392129898,3.510030031,3.418220043,3.509609938,3.760319948,3.572550058,3.262120008,3.292690039,3.309890032,3.326240063,3.810179949,4.405620098,4.000309944,3.729120016,
Honduras,HND,,,,,,,,,,,,,6.299727917,5.874929905,7.090119839,6.412970066,6.308412552,6.093361855,6.056469917,5.932459831,5.97629118,5.810501575,5.359566212,
Heavily indebted poor countries (HIPC),HPC,2.565020084,2.658449888,2.593869925,,2.812619925,2.837270021,2.819999933,,2.750200033,3.131605029,3.343889952,3.124369979,3.310644984,3.454459906,3.325690031,3.570609927,3.282579899,3.63261497,3.39011991,3.483448625,3.599304914,3.372760057,3.092891812,
Croatia,HRV,6.112708569,5.680865288,3.823009968,3.869019985,3.822149992,5.367049694,5.006971359,3.977319956,4.286819935,4.38888979,4.227210045,4.125649929,5.221613884,4.538440228,5.176151276,4.969085217,4.896224499,3.889219999,3.945780039,3.954370022,4.434420109,5.203669548,,
Haiti,HTI,,,,,,,,,,,,,,,1.752269983,1.854979992,1.387760043,1.498469949,1.637159944,1.759413004,1.37101388,1.835332394,1.274668932,
Hungary,HUN,4.868400097,4.931009769,5.179230213,5.792300224,5.327620029,5.320079803,5.289740086,5.134950161,4.967639923,4.946360111,4.723750114,4.56317997,4.142499924,4.189219952,4.60187006,4.495399952,4.615479946,4.614870071,4.623439789,4.224880219,4.155210018,5.001584053,,
IBRD only,IBD,3.992439985,3.839125037,3.835020065,3.918689966,3.867349982,3.979789972,3.959249973,3.830964923,4.101749897,4.429765701,3.951954961,3.980134964,4.164209843,4.18072319,4.251385689,4.160680771,3.962090015,4.1300776,3.997427225,3.916239977,4.342244864,3.747313499,,
IDA & IBRD total,IBT,3.343394995,3.458699942,3.386080027,3.535049915,3.352540016,3.517155051,3.759444952,3.60984993,3.859465003,4.098309994,3.679970026,3.768173695,3.703721166,3.782660007,3.824160099,3.844004989,3.767383933,3.789769888,3.706730008,3.607559323,4.090565205,3.682960987,3.581403613,
IDA total,IDA,2.565020084,2.70720005,2.793135047,,2.812619925,3.114539981,2.984354973,,3.098530054,3.173939943,3.343889952,3.171119928,3.434469938,3.306080103,3.319929957,3.394191742,3.282579899,3.535589933,3.3229599,3.485680819,3.660026789,3.372760057,3.174973369,
IDA blend,IDB,,,,,2.541715026,2.353119969,,,,,3.83175993,4.700129986,4.931210041,5.013881207,4.717299938,4.013040066,5.052848101,4.706804991,3.013220072,3.868015647,4.139520288,3.324519992,2.951592207,
Indonesia,IDN,,2.460030079,2.645689964,3.217999935,2.748470068,2.872819901,,3.044250011,2.901900053,3.525130033,2.81227994,3.189440012,3.407480001,3.359040022,3.288009882,3.583600044,3.569971323,2.669978619,2.754226446,2.842077971,3.491024733,3.047579288,,
IDA only,IDX,2.579210043,2.70720005,2.685104966,,2.911760092,3.337139964,3.009919882,3.078419924,3.251044989,3.173939943,3.343889952,3.124369979,3.310644984,3.255259991,3.314169884,3.394191742,3.229290009,3.533629894,3.457279921,3.440670013,3.409159899,3.372760057,3.210926771,
Isle of Man,IMN,,,,,,,,,,,,,,,,,,,,,,,,
India,IND,4.324790001,,,3.613409996,3.352540016,3.188750029,3.142849922,,,3.278249979,3.377690077,3.79618001,4.084798336,3.844670057,3.898780346,4.114991665,,4.306396961,,,4.293349743,4.635141373,,
Not classified,INX,,,,,,,,,,,,,,,,,,,,,,,,
Ireland,IRL,4.132259846,4.087490082,4.104879856,4.204939842,4.482960224,4.518980026,4.547420025,4.715410233,5.458280087,6.15610981,,,,,,,,,3.386759996,,3.271859884,2.984580517,,
"Iran, Islamic Rep.",IRN,4.030640125,4.071680069,4.484879971,4.363220215,4.296629906,4.056509972,4.289989948,4.596809864,3.913759947,3.842449903,3.709180117,3.484970093,2.938999891,2.852790117,2.61668992,2.629110098,3.173969984,3.459569931,3.619790077,3.257750034,3.204950094,,,
Iraq,IRQ,,,,,,,,,,,,,,,,,,,,,,,,
Iceland,ISL,6.431439877,6.705920219,7.298920155,7.245079994,7.161180019,7.338439941,7.195219994,6.944330215,7.036019802,7.189849854,6.944240093,6.789979935,7.582230091,7.448689938,7.641409874,7.457970142,7.432199955,7.583859921,7.563499928,7.606750011,8.614439964,7.730675697,,
Israel,ISR,5.951950073,6.193160057,6.262819767,6.139949799,5.753479958,5.581389904,5.592189789,5.349919796,5.424349785,5.377850056,5.433909893,5.45581007,5.58893013,5.784150124,5.704710007,5.797659874,5.799809933,6.007719994,6.062849998,6.056739807,6.462299824,7.416409016,,
Italy,ITA,4.291079998,4.650090218,4.432409763,4.541790009,4.385200024,4.238299847,4.52545023,4.10503006,4.387949944,4.523719788,4.334119797,4.115680218,4.056019783,4.143670082,4.061279774,4.073629856,3.815789938,4.044939995,4.256140232,4.095270157,4.441949844,4.130886078,,
Jamaica,JAM,4.983469963,5.381030083,5.375229836,4.256849766,3.912549973,4.616419792,,5.49022007,6.191319942,6.198480129,6.370600224,6.266640186,6.112460136,6.251080036,6.015860081,5.455210209,5.314610004,5.260169983,5.413809776,5.163640022,5.61749506,5.631239891,5.519814968,
Jordan,JOR,,,,,,,,,,,,,,,,,3.452820063,3.213059902,2.954619884,2.988460064,,3.220439911,3.240269899,
Japan,JPN,3.460119963,3.400820017,3.408989906,3.466629982,3.426110029,3.314939976,3.276679993,3.279340029,3.27241993,3.555977821,3.599519968,3.605279922,3.64741993,3.624969959,3.551589966,3.229025364,3.146430016,3.130579948,3.077820063,3.155339956,3.416980982,3.317383766,,
Kazakhstan,KAZ,3.25661993,3.279341459,3.029700041,3.230482101,2.25590992,2.263530016,2.626780033,2.831389904,2.589459896,3.060719967,3.462257385,3.493520975,3.901637077,3.437315226,3.42450285,2.788579941,2.978100061,2.750819921,2.615950108,2.856970072,4.446203709,4.385694027,4.205470085,
Kenya,KEN,5.186729908,5.206210136,6.171999931,6.494269848,6.796929836,7.335649967,7.049839973,,,4.019999981,4.815489769,4.700129986,4.931210041,4.837210178,4.717299938,4.743500233,4.895180225,4.963089943,5.107619762,4.577992439,4.628155708,4.590099812,4.075955868,
Kyrgyz Republic,KGZ,3.50838995,3.854180098,4.445459843,4.475419998,4.622439861,4.873839855,5.549860001,6.467000008,5.913189888,6.232679844,5.818830013,6.79061985,7.384230137,6.780200005,5.531599998,5.985509872,6.586150169,6.026189804,5.552670002,5.366749763,6.093910217,6.531401634,7.95867157,
Cambodia,KHM,1.666810036,1.722219944,1.711210012,,1.719820023,,,1.599300027,,1.665680051,1.533789992,1.510689974,1.414414525,1.482026219,1.566736341,1.703461528,1.870819092,2.096460581,2.447859287,2.825654745,3.002350092,1.67057395,,
Kiribati,KIR,11.18587017,11.98812008,,,,,,,,,,13.04459953,13.42766571,13.21877956,12.95312691,12.11402607,13.48311615,13.57546329,,13.57412338,,15.58512497,,
St. Kitts and Nevis,KNA,4.740389824,4.421549797,3.920510054,3.790990114,3.971349955,3.831449986,4.059259892,4.193809986,,,2.94405818,2.751112938,3.182905912,3.262058496,2.849904299,2.549880028,3.124359369,3.159015894,3.157386065,2.986513615,3.10357976,2.776599884,4.026429653,
"Korea, Rep.",KOR,,,,,,,,,,3.91358161,3.52756691,,,,,4.454237938,4.333099842,4.328239918,4.458079815,4.684659958,4.801720142,,,
Kuwait,KWT,,6.585830212,6.551109791,5.211292267,5.535069942,4.738339901,3.759979963,,,,,,,,,,,,,,,,,
Latin America & Caribbean (excluding high income),LAC,3.948930025,4.04286015,4.017340183,3.895949841,4.026914954,4.4790802,4.372174978,4.462600231,4.844409943,5.463550091,4.926769972,4.916270018,5.224464893,5.004640102,5.257470131,4.998700142,4.477210045,4.526865005,4.461447954,4.555305004,4.625720024,3.860406756,3.75098896,
Lao PDR,LAO,1.503690004,1.990280032,2.825220108,,2.413000107,2.414089918,2.958790064,3.078419924,2.27854991,1.654850006,1.709789991,1.708019972,1.821470022,3.233809948,2.937809944,2.736897945,2.774429798,2.497972727,2.335012197,2.122014046,1.91597271,1.859491825,1.393850327,
Lebanon,LBN,,2.841480017,2.552710056,,2.640949965,2.646189928,2.779759884,2.583570004,2.014790058,1.765709996,1.613309979,1.652519941,2.14902997,2.433969975,,,2.126333237,2.137486219,2.527220726,2.600265503,1.669968128,,,
Liberia,LBR,,,,,,,,,1.701660037,,,,1.777119994,1.690780044,2.200050116,2.115874767,2.114796877,2.663300037,2.503910065,2.493976355,2.139914513,2.532140017,2.595259905,
Libya,LBY,,,,,,,,,,,,,,,,,,,,,,,,
St. Lucia,LCA,,5.707330227,,3.534490108,3.436460018,4.238959789,4.696690083,,4.483530045,3.067660093,3.482899904,3.598860025,3.290980101,3.87658,3.891429901,3.880630016,5.210760117,3.63334322,3.335779905,3.278840065,3.617219925,,4.197579861,
Latin America & Caribbean,LCN,3.757070065,3.844680071,4.017340183,3.726869941,3.912549973,,3.916719913,4.083010197,4.82006979,5.463550091,4.83382988,4.466080189,4.643070221,4.878550053,4.690569878,4.470389843,4.364200115,4.468044996,4.461447954,4.555305004,4.581561089,3.747313499,3.819114447,
Least developed countries: UN classification,LDC,2.593400002,2.682824969,2.593869925,,2.68975997,2.837270021,2.830970049,,2.750200033,2.920000076,3.343889952,3.171119928,2.981755376,3.244534969,2.937809944,3.217862844,2.905220032,2.946855068,3.198354959,3.013383865,3.242703199,3.110792756,3.092891812,
Low income,LIC,2.646709919,3.001124978,2.896229982,,3.147949934,,2.830970049,,2.723119974,3.091085076,2.721950054,3.077620029,2.759584904,3.052984953,3.325690031,3.255800009,2.934885025,2.76899004,3.3229599,3.382453918,3.576571941,3.943503618,3.092891812,
Liechtenstein,LIE,,,,2.46013999,2.433330059,,2.053809881,1.921190023,2.048369884,,,2.556040049,,,,,,,,,,,,
Sri Lanka,LKA,,,,,,,,,,2.055900097,1.66178,1.742920041,1.453420043,1.564589977,1.858590007,2.109980106,3.229290009,2.593169928,1.987810016,,1.555410743,1.507548451,1.199785948,
Lower middle income,LMC,2.791340113,2.883059978,3.02252996,3.024765015,3.077780008,3.43838501,3.40350008,,3.913759947,3.90160501,3.694575071,3.788205028,4.051414251,4.122526169,3.540122986,4.004634142,3.922260046,3.736540079,3.681972742,3.485680819,3.876672983,3.372760057,3.240269899,
Low & middle income,LMY,3.343394995,3.470605016,3.242840052,3.382760048,3.339619994,3.534215093,3.8213799,3.603149891,3.859465003,4.019999981,3.679970026,3.761201859,3.703721166,3.782660007,3.824160099,3.853980064,3.767617464,3.789769888,3.6995399,3.606653214,4.008609772,3.691380024,3.580212116,
Lesotho,LSO,10.09154987,9.365050316,10.10044956,13.21957016,11.10900974,12.07966042,11.27128029,,12.32952023,,,8.170000076,7.670000076,7.289999962,7.199999809,8.685635567,7.801928997,8.155320168,7.283609867,7.194068909,6.997992516,7.507479191,6.433475494,
Late-demographic dividend,LTE,3.853990078,3.894940019,4.076844931,4.209569931,4.079349995,3.979789972,3.916719913,4.209839821,4.164649963,4.630249977,4.25867486,4.105550051,4.164209843,4.296380043,4.330840111,4.470389843,4.345984459,4.251554489,4.064687848,3.947889805,4.399321795,4.083158612,,
Lithuania,LTU,5.602385998,5.84758997,5.800079823,5.114180088,5.174280167,4.878399849,4.825729847,4.595210075,4.839900017,5.585239887,5.297860146,5.113430023,4.758029938,4.602330208,4.486579895,4.227190018,4.004310131,3.812200069,3.89289999,3.967570066,4.512559891,4.842670441,,
Luxembourg,LUX,4.240472317,3.539730072,4.611690998,4.868693352,4.904797554,4.854622364,4.422744751,4.271684647,4.326911449,4.867134094,5.011902332,4.989581108,3.87816,3.699390888,3.855690002,3.767920017,3.402446032,3.48645997,3.66211009,3.7395401,3.838229895,4.639152527,,
Latvia,LVA,5.274270058,5.446959972,5.602540016,5.057149887,4.834060192,4.769886971,4.684669971,4.633289814,5.366449833,5.522659779,5.03881979,5.071619987,6.582709789,6.996970177,5.281229973,5.282519817,4.65749979,4.366710186,4.243569851,4.42054987,4.821040154,5.700738907,,
"Macao SAR, China",MAC,3.314389944,2.71446991,2.842959881,2.780169964,2.23348999,2.277879953,2.193860054,2.043450117,2.196409941,2.533230066,2.618489981,2.675280094,3.325160027,2.050489902,2.048530102,3.002470016,3.099529982,2.706429958,2.728780031,3.05862999,6.360320091,5.250319958,,
St. Martin (French part),MAF,,,,,,,,,,,,,,,,,,,,,,,,
Morocco,MAR,,,,,,,,,4.853390217,4.831190109,,,5.552948475,,5.482760429,5.133368969,5.085301876,4.735649586,4.960227013,5.003256798,6.284598827,5.60131073,5.768208027,
Monaco,MCO,1.255360007,,,,1.243860006,,,,,1.354590058,1.31735003,1.589890003,1.780040026,1.334400058,1.021950006,,1.370929956,1.457929969,,1.158900023,,1.423730016,,
Moldova,MDA,4.486390114,4.846849918,5.497910023,5.424890041,6.771039963,7.162700176,7.498990059,8.293370247,8.237270355,9.509759903,7.592299938,7.136380196,6.983389854,5.90975523,6.338069916,5.805686951,5.67208004,5.710169792,5.538879871,6.225769997,6.601260185,5.824059963,5.813449383,
Madagascar,MDG,2.438689947,2.70720005,2.231790066,2.610949993,2.812619925,3.309639931,2.830970049,2.902740002,2.554339886,2.825129986,2.585234404,2.381680012,2.340670109,1.776939988,2.381230116,2.210119963,2.687190056,2.701374054,2.844099998,3.013383865,3.25443387,3.198075533,3.139019966,
Maldives,MDV,5.737206936,5.249499798,5.791860104,5.324069977,4.661600113,5.016839981,4.64523983,4.417880058,4.470290184,5.081689835,3.633280039,3.080729961,4.968267918,3.954500437,3.889795303,4.644901752,4.469964027,3.872731447,3.932044506,4.209364891,5.794967651,4.484751701,4.58087492,
Middle East & North Africa,MEA,,6.193160057,5.52995491,5.948279381,5.453274965,4.794429779,4.717202902,,4.466135025,4.509464979,,,4.742109776,,,,,3.596509933,,,,,,
Mexico,MEX,3.992439985,4.24104023,4.454959869,5.072579861,4.726709843,4.845689774,4.699920177,4.690509796,4.82006979,5.187940121,5.159220219,5.105649948,5.103099823,4.696050167,5.257470131,5.229420185,4.90681982,4.518219948,4.254220009,,4.625720024,,,
Marshall Islands,MHL,,,8.208979607,11.81980038,,,,,,,,,,,,,,15.10616493,15.1581831,9.916480064,13.77944756,15.07984638,6.977570057,
Middle income,MIC,3.511209965,3.605900049,3.343114972,3.613409996,3.467110038,3.815969944,3.843819976,3.603149891,3.958519936,4.274290085,3.852797151,3.842619896,4.051414251,4.090378046,3.970429897,4.023875117,3.935930014,4.023212314,3.807741642,3.737399817,4.211066723,3.67454195,3.58259511,
North Macedonia,MKD,,,3.300149918,,,,,,,,,,,,,,,,,,,,,
Mali,MLI,2.971560001,2.658449888,2.896229982,3.805599928,3.859220028,3.52218008,,,3.403559923,3.869040012,3.343889952,3.754230022,3.479490042,3.284650087,3.648190022,3.801520109,3.094779968,3.789769888,3.55817008,3.555049896,3.954459906,4.363709927,4.035055161,
Malta,MLT,5.146474838,5.646224976,3.946160078,5.848954678,4.42151022,5.385760307,5.445138454,5.947470188,5.501229763,5.070429802,6.250050068,7.696129799,6.345429897,7.5792799,7.004209995,5.023980141,5.10766983,4.559179783,4.957462788,4.937389851,5.765721798,5.628807545,,
Myanmar,MMR,,,,,,,,,,,,0.850319982,1.586428761,1.84381175,2.011998415,2.245604277,2.158088446,2.32633996,2.157480001,2.139869928,,,,
Middle East & North Africa (excluding high income),MNA,,,5.032866716,,5.021100044,,4.717202902,4.730759859,4.466135025,4.831190109,4.050701737,,5.103449821,,,4.663219929,3.922260046,3.733449936,,,,,,
Montenegro,MNE,,,,,,,,,,,,,,,,,,,,,,,,
Mongolia,MNG,5.550370216,4.936064243,7.210780144,,4.325729847,,,4.690130234,,5.144849777,4.645100117,4.60902977,5.961985111,5.24104023,5.428256035,4.387156487,5.200432777,4.318223953,3.997427225,3.652369738,4.663455009,3.343896151,4.258392334,
Northern Mariana Islands,MNP,,,,,,,,,,,,,,,,,,,,,,,,
Mozambique,MOZ,,,,,3.326699972,4.00578022,3.871469975,,,,5.390528679,5.621944904,5.672160149,6.115330219,6.493901253,6.010834217,5.865039825,5.505559921,5.452189922,6.286394119,6.642562866,7.027510643,,
Mauritania,MRT,,2.106839895,2.277149916,2.365010023,1.950799942,,1.958510041,,,,,2.331020117,2.158210039,2.293540001,2.557964325,2.829566002,1.944059968,,,1.784450054,1.771610022,1.745530009,1.280779958,
Mauritius,MUS,3.769109964,3.114860058,3.060899973,4.415830135,4.31306982,4.078199863,3.697510004,3.185400009,3.063070059,3.047310114,3.551470041,3.332070112,3.418200016,3.567759991,4.815149784,4.758470058,4.882070065,4.87887001,4.674479961,4.541950226,4.35243988,4.674409866,4.844200134,
Malawi,MWI,3.606129885,3.098340034,,2.209640026,,,,,,,2.432369947,2.853460073,2.528611898,3.721709967,3.325690031,3.853980064,3.282579899,2.76899004,3.3229599,,,,,
Malaysia,MYS,5.971610069,7.484469891,7.657929897,7.502880096,5.923890114,,4.485760212,4.372539997,3.958519936,5.974180222,4.966450214,5.76293993,5.739029884,5.481200218,5.029359818,4.703810215,4.345984459,4.184885025,4.131948471,3.979539633,4.520450115,4.27081728,3.505549431,
North America,NAC,5.754484653,5.625976563,5.676517725,6.328607559,6.253763676,5.468431711,6.164029121,5.504864216,5.531103134,5.789639235,6.025461912,5.879866838,5.473236799,5.409133911,5.486397743,4.843080044,4.811540127,5.04142499,4.90893507,4.880105019,5.161695004,4.594006062,4.139571667,
Namibia,NAM,6.901780128,6.888869762,6.742330074,6.137139797,,,6.031710148,,6.403429985,,8.243300438,8.021379471,9.084144592,8.595417023,8.994402885,9.530635834,10.31483078,9.708672523,9.622286797,9.3225317,9.277998924,10.02802563,9.358892441,
New Caledonia,NCL,,,,,,,,,,,,,,,,,,,,,,,,
Niger,NER,2.565020084,2.279819965,2.401340008,1.937059999,,,2.558520079,3.014620066,2.723119974,3.335880041,2.721950054,3.077620029,3.18682003,3.689529896,5.103680134,4.486690044,2.958430052,2.578180075,3.457279921,3.526227236,3.819200993,3.82175827,4.101430893,
Nigeria,NGA,,,,,,,,,,,,,,,,,,,,,,,,
Nicaragua,NIC,3.001600027,,2.391010046,2.422009945,,,,,,,4.484220028,,,,4.0832901,4.078420162,4.081150055,4.357689857,4.473795891,4.599919796,4.581561089,4.086657047,,
Netherlands,NLD,4.585120201,4.699649811,4.805900097,5.040420055,5.062970161,5.109399796,5.044020176,4.886829853,5.029049873,5.43156004,5.489089966,5.463039875,5.410220146,5.52655983,5.458899975,5.34815979,5.479599953,5.17509985,5.357649803,5.159860134,5.423810005,5.135831356,,
Norway,NOR,6.459340096,6.820159912,7.422460079,7.399330139,7.277440071,6.840829849,6.3582201,6.506710052,6.249159813,7.070670128,6.710420132,6.41490984,7.327660084,7.439060211,7.644030094,7.523349762,7.984449863,7.845980167,7.595630169,7.864560127,8.372819901,5.041692257,,
Nepal,NPL,2.975150108,3.708379984,3.152839899,3.11435008,3.171940088,3.364639997,3.605360031,3.517210007,3.805170059,4.663760185,3.631720066,3.842619896,3.5289886,3.20268631,3.485994101,3.294253588,3.477112293,3.52892375,3.664405584,3.485680819,4.211066723,3.95612216,3.649213076,
Nauru,NRU,,,,,,,,4.246150017,,,,,,,5.737141132,6.714453697,6.668968678,6.789002895,5.88931942,6.224421978,6.482572079,6.519784451,8.32575798,
New Zealand,NZL,5.604424,,,,,5.789812088,,,6.186127186,6.501762867,6.5076828,6.270788193,6.169361115,5.888688087,5.809233189,5.708622932,5.504283905,5.270209789,5.183808804,5.172029972,5.667323112,5.540569782,,
OECD members,OED,4.934005022,5.089584351,5.179230213,5.190048695,5.054675102,4.926849842,4.874439955,4.715410233,4.906070232,5.282895088,5.356369972,5.109539986,4.938925028,5.125165224,5.14427495,4.99559021,4.90681982,4.961319923,4.929490089,5.000834942,5.339079857,5.044342995,,
Oman,OMN,3.200239897,4.020319939,4.325069904,3.896990061,4.02835989,3.517210007,3.859339952,,,4.187739849,,,,4.353839874,,,,,,,,,,
Other small states,OSS,5.339459896,5.033349991,4.937739849,5.816770077,5.139179945,6.286670208,6.031710148,,5.943734884,6.21570015,5.028724909,5.014490128,4.717720032,4.843880177,5.618129969,5.249568462,5.2955966,4.961319923,4.96055603,4.877460003,4.856272221,4.980779409,,
Pakistan,PAK,1.837820053,,,,1.767590046,2.049720049,2.395509958,2.635270119,2.746229887,2.59078002,2.286870003,2.221750021,2.13628006,2.493439913,2.465929985,2.650019884,2.417211771,2.136656761,2.332169533,2.21491766,2.057182312,1.687461257,1.974449039,
Panama,PAN,4.759689808,4.105879784,4.1916399,4.168700218,3.578660011,,,,3.50229001,,,3.159009933,,,2.816828012,3.029294729,3.078347206,2.977041245,2.911990881,3.093294144,3.622200966,3.269109488,3.887239933,
Peru,PER,3.228029966,3.037120104,2.820569992,2.937799931,2.957870007,2.839030027,2.652810097,2.629400015,2.867749929,3.139940023,2.867300034,2.663500071,2.92276001,3.297290087,3.695990086,3.969330072,3.813169956,3.931309938,3.713920116,3.822429895,4.248040199,3.973500013,3.894099951,
Philippines,PHL,3.164400101,2.92463994,2.89222002,2.935179949,2.469830036,2.328069925,2.425790071,2.485179901,2.582829952,2.537770033,,,,,2.933717251,3.518517017,3.034224272,3.971154451,3.864053249,3.355791569,3.876672983,3.881080627,3.580212116,
Palau,PLW,8.017979622,7.70720005,7.521989822,,,,,,,,,,,,,,,,,,,,,
Papua New Guinea,PNG,,,,,,,,,,,,,,,,,,1.964930058,1.874830008,,,,,
Poland,POL,4.983930111,5.319029808,5.387350082,5.32449007,5.355579853,5.425749779,5.207650185,4.868740082,5.042399883,4.989769936,5.107059956,4.861020088,4.861599922,5.021240234,4.966569901,4.817009926,4.659110069,4.574649811,4.605060101,4.67881012,4.852650166,4.941400528,,
Pre-demographic dividend,PRE,2.514185071,2.471509933,2.593869925,,2.803959966,2.656680107,2.560960054,,2.554339886,3.004635096,3.246510029,2.971690059,2.881599903,3.306080103,3.172749996,3.255800009,2.934885025,3.63261497,3.267304897,3.483448625,3.45723033,3.154167056,3.046763659,
Puerto Rico,PRI,,,,,,,,,,,,,,6.481080055,6.072659969,,,,,,,,,
"Korea, Dem. People's Rep.",PRK,,,,,,,,,,,,,,,,,,,,,,,,
Portugal,PRT,5.163849831,5.33713007,5.258719921,5.281529903,5.046380043,5.073949814,4.907670021,4.921470165,4.696090221,5.563149929,5.412489891,5.123330116,4.949409962,5.270969868,5.124000072,4.885540009,4.770905972,5.015610218,4.675159931,4.630020142,4.876560211,4.711906433,,
Paraguay,PRY,4.230209827,3.833570004,3.407730103,3.382760048,2.869899988,,,2.739510059,,,2.770720005,3.692820072,3.668790102,2.678711891,2.596559048,3.333778143,3.434979916,3.090620756,3.296195984,3.489830256,3.936150074,3.410700083,3.635401249,
West Bank and Gaza,PSE,,,,,,,,,,,6.191679955,5.335279942,4.742109776,4.89467001,,4.663219929,4.982960224,4.721539974,,,,5.434420109,,
Pacific island small states,PSS,,,,,,,,,,,,,,,,,,,,,,,,
Post-demographic dividend,PST,5.293584824,4.953030109,5.179230213,5.281529903,5.174280167,5.109399796,5.006971359,4.904150009,4.906070232,5.070169926,5.356369972,5.11838007,4.959640026,5.229090214,5.164549828,4.957932711,4.921387196,4.959969997,4.930089951,4.983384848,5.336979866,5.041692257,,
French Polynesia,PYF,,,,,,,,,,,,,,,,,,,,,,,,
Qatar,QAT,3.725980043,3.200190067,3.846560001,3.373939991,3.462589979,3.971879959,,,4.22755003,3.413150072,4.539659977,4.012239933,3.50744009,4.073840141,3.605350018,,,2.967459917,,2.803780079,3.233669996,,,
Romania,ROU,2.868629932,3.266289949,3.504129887,3.543970108,3.312730074,3.500390053,4.306509972,4.149539948,4.097199917,4.002130032,3.417170048,2.913759947,2.823220015,3.068000078,3.125080109,3.106950045,3.025599957,3.118200064,3.319180012,3.566950083,3.589260101,3.253051758,,
Russian Federation,RUS,2.93979001,3.106019974,3.835020065,3.678539991,3.547869921,3.771929979,3.866260052,,4.101749897,4.470641613,3.847624302,3.768173695,3.793100119,3.763829947,4.013879776,3.834029913,3.760440111,4.689909935,4.678199768,3.509325504,3.701467514,,,
Rwanda,RWA,3.434309959,4.825150013,,,,,,3.985140085,3.502190113,,4.631309986,4.383500099,4.421030045,4.742139816,4.196390152,3.647089958,3.434789896,3.124720097,3.073750019,3.238680601,3.33394289,5.590650082,4.752240181,
South Asia,SAS,2.550115108,,,3.11435008,2.556040049,3.188750029,3.142849922,3.076240063,3.275699973,2.934514999,3.377690077,2.841879964,2.370239973,2.848063111,2.975962043,2.952909946,3.229290009,3.061046839,2.159989774,2.21491766,2.057182312,1.831179976,1.973617613,
Saudi Arabia,SAU,5.909830093,7.718870163,7.636889935,7.105090141,6.277460098,5.430920124,5.891170025,,5.13781023,,,,,,,,,,,,,,,
Sudan,SDN,1.012179971,,1.164250016,,1.312549949,1.178429961,1.553539991,,1.851500034,2.022130013,,,,,,,,,,,,,,
Senegal,SEN,2.463350058,2.471509933,2.594419956,2.751250029,3.077780008,4.064430237,3.8213799,,4.025680065,4.920730114,5.217740059,4.903029919,4.776989937,5.686560154,5.720210075,5.45637989,5.113090038,4.624969959,4.8582201,5.449444294,5.688510895,5.589354515,5.641114235,
Singapore,SGP,3.32130003,3.542490005,3.878530025,3.981940031,3.652760029,3.195960045,2.859119892,2.946749926,2.764600039,3.010129929,3.080440044,3.030770063,3.070859909,2.85435009,2.924366713,2.863093376,2.8732059,2.757536888,2.856470108,2.729680061,2.687449932,2.833600044,2.388629198,
Solomon Islands,SLB,,,,,,,,7.333270073,6.895150185,6.65858984,7.47837019,,,,,,,,,,,,,
Sierra Leone,SLE,4.949369907,3.48251009,3.594340086,3.299000025,3.146929979,2.837270021,,2.596780062,2.465889931,2.818209887,2.588510036,2.678250074,2.881599903,2.379810095,2.662909985,3.217862844,2.911339998,4.660860062,6.989630222,7.44701004,8.809550285,9.442239761,3.046763659,
El Salvador,SLV,2.838680029,,3.242840052,3.134670019,,3.177850008,3.492980003,3.60984993,4.458109856,4.659500122,4.048079967,3.89854002,3.712440014,3.801490068,3.824160099,3.909879923,3.825239897,3.725229979,3.605750084,3.387109995,3.659579992,3.528079987,4.5314188,
San Marino,SMR,,,3.304997921,3.132753849,2.793839931,,,,,,2.62883997,2.702960014,,,,3.442865849,3.337201595,3.369970083,3.555160046,3.379699945,3.424619913,3.108920097,,
Somalia,SOM,,,,,,,,,,,,,,,,,,0.127174035,0.234450966,0.270661741,,,,
Serbia,SRB,,,,,,,,4.209839821,4.441999912,4.483980179,4.327809811,4.238359928,4.164209843,,3.926980019,3.78640008,3.63470006,3.710160017,3.582319975,3.616470098,3.562210083,3.299659967,,
Sub-Saharan Africa (excluding high income),SSA,2.646094918,2.903909922,2.896229982,,3.077780008,3.309639931,2.920444965,,3.063070059,3.131605029,3.379947186,3.286035061,3.45361495,3.689529896,3.384880066,3.67008996,3.358684897,3.736540079,3.507725,3.555049896,3.819200993,3.54701817,3.224585891,
South Sudan,SSD,,,,,,,,,,,,0.962890029,1.245528102,1.024500012,1.232460022,1.465559959,1.565392256,,,,,,,
Sub-Saharan Africa,SSF,2.646094918,2.903909922,2.896229982,,3.077780008,3.309639931,2.920444965,,3.063070059,3.131605029,3.379947186,3.286035061,3.45361495,3.689529896,3.384880066,3.67008996,3.358684897,3.736540079,3.507725,3.555049896,3.819200993,3.54701817,3.224585891,
Small states,SST,4.983469963,5.033349991,4.908049822,5.273099899,4.876749992,5.54847002,6.031710148,,6.191319942,6.198480129,5.517789841,5.640565157,4.717720032,4.843880177,5.415504932,5.249568462,5.236124992,4.961319923,4.96055603,4.852795124,4.856272221,4.980779409,4.844200134,
Sao Tome and Principe,STP,,,2.720580101,3.246929884,3.234709978,4.856450081,4.271180153,6.286829948,5.554490089,10.67790031,9.651470184,,6.339509964,5.939690113,3.749059916,3.864599943,5.173039913,5.036369801,5.235109806,5.899310589,5.015238285,5.516176224,5.155980587,
Suriname,SUR,,,,,,,,,,,,,,,,5.518238544,5.640519142,5.458612919,4.922593594,,5.320321083,3.80620575,,
Slovak Republic,SVK,3.864680052,3.93569994,4.245399952,4.209569931,4.101570129,3.759959936,3.707700014,3.523210049,3.521650076,4.006410122,4.044799805,3.898360014,3.859009981,4.068950176,4.215899944,4.578430176,3.900789976,3.932209969,3.952909946,4.273190022,4.764679909,4.396460533,,
Slovenia,SVN,6.130482674,5.756830215,5.672860146,5.70333004,5.64425993,5.6040802,5.590660095,5.11661005,5.109519958,5.554969788,5.545460224,5.541259766,5.620230198,5.405729771,5.291699886,4.909530163,4.792669773,4.780539989,4.934559822,4.896490097,5.386519909,5.66958189,,
Sweden,SWE,6.740149975,6.617640018,6.924349785,6.791429996,6.663109779,6.506400108,6.364290237,6.171589851,6.344550133,6.749710083,6.522689819,6.366919994,7.536970139,7.611209869,7.573729992,7.443900108,7.618619919,7.568830013,7.640840054,7.638510227,7.925610065,6.679961205,,
Eswatini,SWZ,5.508480072,4.838240147,4.440869808,5.816770077,5.401609898,6.484620094,6.554759979,,6.618120193,6.471350193,6.118370056,6.864329815,5.593282223,5.084610462,7.070590019,5.35494709,5.433553219,6.177914143,5.736873627,5.699148178,5.360104561,5.287148952,5.692605972,
Sint Maarten (Dutch part),SXM,,,,,,,,,,,,,,,,,,,,,,,,
Seychelles,SYC,3.979164839,,4.881090164,5.05177021,,,4.483310223,4.06658268,,,3.548263311,3.628819942,2.541049957,3.616770029,3.952470064,5.059329987,4.323289871,4.235365391,4.03930521,4.050551414,4.891200542,5.623589993,4.740135193,
Syrian Arab Republic,SYR,,4.54640007,5.269849777,6.480840206,5.371479988,,5.279650211,4.864709854,4.59525013,5.130139828,,,,,,,,,,,,,,
Turks and Caicos Islands,TCA,4.718830109,4.843009949,5.069139957,4.728779793,,2.540999889,,,,,,3.360295057,2.695589781,2.935950041,2.942550421,3.093250036,2.979562044,2.784017324,2.743769884,2.505089998,2.924562693,3.255630016,3.285769939,
Chad,TCD,2.646709919,2.42614007,,,1.592949986,1.694769979,,,,2.311739922,1.981940031,2.2579,2.206150055,2.850709915,2.320312262,2.342831612,2.388475895,2.454819918,2.259474993,2.372457981,2.739603996,2.88812995,2.538672924,
East Asia & Pacific (IDA & IBRD countries),TEA,4.208930016,2.92463994,2.89222002,,2.748470068,,,3.061334968,3.570144176,3.806730986,3.754642487,3.651097536,3.770506263,3.767437458,3.540122986,3.583600044,3.569971323,3.441989064,3.246532083,3.084998369,3.531990528,3.016882181,3.20184195,
Europe & Central Asia (IDA & IBRD countries),TEC,3.50838995,3.421469927,3.386080027,3.678539991,3.447700024,3.771929979,3.903460026,3.977319956,4.101749897,4.321614981,3.852797151,4.030380011,4.018030167,4.201519966,4.070053101,4.117142081,4.294914961,4.199480057,4.172664881,3.954370022,4.434420109,4.492647648,,
Togo,TGO,2.885299921,2.772079945,2.56633997,2.447590113,2.288310051,2.325210094,2.527740002,2.583389997,2.417579889,2.846290112,3.014410019,3.171119928,3.472759962,3.255259991,3.52083993,3.759310007,3.686490059,3.760529995,4.09168005,4.201668262,4.091336727,4.231181622,3.798119307,
Thailand,THA,5.25345993,4.81787014,3.864919901,3.725610018,4.030889988,3.93859005,4.05038023,3.603149891,3.508500099,3.861939907,3.508440018,4.805550098,3.596918344,3.824398518,3.919177532,3.86397624,3.767617464,3.465321541,3.197694063,3.022214174,3.153170824,2.986185074,2.613480091,
Tajikistan,TJK,2.328710079,2.376590014,2.775789976,2.420789957,2.772030115,3.512130022,3.40350008,3.413269997,3.459830046,4.098309994,4.006750107,3.935110092,4.018030167,,,4.967740059,5.730941296,5.544717789,5.38508749,5.568054676,5.960922241,5.537483215,5.446740627,
Turkmenistan,TKM,,,,,,,,,,,,,3.049249887,,,,,,,3.192009926,3.779779911,,,
Latin America & the Caribbean (IDA & IBRD countries),TLA,3.634140015,3.839125037,3.883855104,3.535049915,3.745604992,,3.792889953,3.855165124,4.639089823,5.325745106,4.670629978,4.466080189,4.592387199,4.696050167,4.448405027,4.33837986,4.363474131,4.468044996,4.461447954,4.510690212,4.562315464,3.747313499,3.819114447,
Timor-Leste,TLS,,,,,,,,,8.670570374,12.90345955,11.10760975,10.1947298,7.166744709,5.68140316,7.660094261,6.295487881,6.019237041,5.208618164,4.881482601,4.176562309,3.660026789,2.974498034,,
Middle East & North Africa (IDA & IBRD countries),TMN,,,5.032866716,,5.021100044,,4.717202902,4.730759859,4.466135025,4.831190109,,,5.464789867,,,4.532108545,3.687540054,3.596509933,3.685610056,,,,,
Tonga,TON,4.878079891,4.477560043,3.795000076,4.159510136,3.91376996,,,,,,,,,,,,,5.059225082,4.969455242,5.273229599,4.860516548,4.927039146,5.646192074,
South Asia (IDA & IBRD),TSA,2.550115108,,,3.11435008,2.556040049,3.188750029,3.142849922,3.076240063,3.275699973,2.934514999,3.377690077,2.841879964,2.370239973,2.848063111,2.975962043,2.952909946,3.229290009,3.061046839,2.159989774,2.21491766,2.057182312,1.831179976,1.973617613,
Sub-Saharan Africa (IDA & IBRD countries),TSS,2.646094918,2.903909922,2.896229982,,3.077780008,3.309639931,2.920444965,,3.063070059,3.131605029,3.379947186,3.286035061,3.45361495,3.689529896,3.384880066,3.67008996,3.358684897,3.736540079,3.507725,3.555049896,3.819200993,3.54701817,3.224585891,
Trinidad and Tobago,TTO,2.755650043,3.065289974,3.543009996,3.136600018,,,,,,,,,2.629827499,2.673762798,2.571330786,3.148509502,3.767150402,3.302241802,3.216789961,3.598648548,4.206779957,3.008780003,2.640075684,
Tunisia,TUN,6.201960087,6.201849937,5.790060043,6.81675005,6.720789909,6.451570034,6.438799858,6.464519978,6.271570206,6.528480053,5.963069916,,5.950860023,,,6.220449924,,,,,,,,
Turkiye,TUR,,,,,,,,,3.320557833,3.765049696,3.787013531,4.221519947,4.387219906,4.344810009,4.412580013,4.322199821,4.627739906,4.323689938,4.300039768,4.454030037,4.008609772,2.845283031,,
Tuvalu,TUV,,,,,,,,,,,,,,,,,,,,,,,,
Tanzania,TZA,,,,,3.561229944,3.546250105,3.009919882,4.033420086,4.185910225,3.960760117,4.541699886,4.577898979,4.229642868,4.637694359,3.384880066,4.194865704,4.101967335,4.430510044,3.6995399,3.596836329,3.230972528,3.115153313,3.23824501,
Uganda,UGA,2.461669922,,,,4.952370167,,,,,,1.727399945,2.298909903,1.797469974,1.871140003,1.914720058,2.32152009,2.1378901,2.253639936,2.130520105,2.308280706,2.572221756,2.635936022,2.561050177,
Ukraine,UKR,4.022930145,4.525680065,5.240069866,5.400189877,5.123760223,5.848199844,5.979459763,5.902440071,6.152420044,7.050749779,,5.937709808,6.442699909,6.41989994,5.874939919,5.742568493,5.00977993,5.417079926,5.319920063,5.441299915,5.382319927,5.740718365,,
Upper middle income,UMC,3.948930025,3.771124959,3.579050064,3.725610018,3.912549973,3.979789972,3.916719913,3.645094991,4.030134916,4.470641613,3.953024983,4.221519947,4.054152012,4.058229923,4.070053101,4.145764947,4.154037237,4.184885025,4.088619232,3.979539633,4.342244864,3.724696755,,
Uruguay,URY,2.422549963,2.800960064,2.32220006,2.068209887,2.499540091,2.714750051,2.8566401,,,,,4.149370193,4.093533516,4.238920212,4.267350197,4.206369877,4.364200115,4.417870045,4.613599777,4.641300201,4.543069839,4.413340092,4.36973381,
United States,USA,6.08564949,6.298923016,6.359955311,6.328607559,6.253763676,6.170983315,6.164029121,6.243318558,6.436086178,6.738698483,6.694553852,6.497683525,6.253886223,6.22925806,6.129205704,4.946780205,4.806660175,5.122879982,4.928890228,4.987279892,5.435440063,,,
Uzbekistan,UZB,,,,,,,,,,,,5.818760872,6.026915073,5.741909981,5.713230133,5.494533539,5.415237427,5.033319473,4.835893154,6.295346737,4.948036671,5.368288994,5.283541203,
St. Vincent and the Grenadines,VCT,7.327879906,,7.388020039,8.174889565,,6.030829906,,5.439370155,,5.376110077,4.808390141,,,,,4.956152439,5.452660084,5.379759789,5.223589897,,5.463758469,,,
"Venezuela, RB",VEN,,,,,,,3.669059992,3.627320051,,6.874680042,,,,,,,,,,,,,,
British Virgin Islands,VGB,,2.904769897,,,,3.046329975,3.514800072,3.043669939,,3.241650105,3.49770999,,3.565696001,4.469325542,4.018388271,4.71405983,3.261056423,2.462599993,2.434390068,2.630959988,2.590500116,2.86991334,,
Virgin Islands (U.S.),VIR,,,,,,,,,,,,,,,,,,,,,,,,
Viet Nam,VNM,,,,,,,,,4.886740208,4.816500187,4.045939922,3.780230045,4.408170223,4.528339863,3.540122986,3.41660428,3.469069958,3.418656588,3.295370102,3.084998369,3.216528893,2.947886944,2.89813447,
Vanuatu,VUT,7.003630161,8.95114994,8.131979942,8.441510201,,,,,5.951509953,5.160510063,,,,,5.181950092,5.603380203,,4.533430099,,1.774070024,2.173589945,,,
World,WLD,3.983109951,4.071680069,4.048810005,4.204939842,4.030889988,4.093499899,4.156515121,4.094020128,4.355634928,4.483980179,4.277509928,4.229939938,4.229642868,4.349619865,4.259367943,4.284570217,4.225440025,4.255958557,4.11181426,4.18685627,4.444076777,4.18103385,,
Samoa,WSM,3.630959988,3.976520061,3.939320087,,,,,,5.116590023,,,,,4.614860535,5.217447758,4.615190029,4.349683762,3.962319136,4.26097393,4.39581728,4.481005192,,,
Kosovo,XKX,,,,,,,,,,,,,,,,,,,,,,,,
"Yemen, Rep.",YEM,9.64552021,9.237660408,6.32079649,5.948279381,5.554146767,5.15025568,5.144415855,5.828782558,5.15143013,5.916243076,4.392223358,5.042026997,5.464789867,,,,,,,,,,,
South Africa,ZAF,4.908810139,4.636179924,4.54569006,4.352099895,4.508979797,4.524499893,4.526519775,4.446670055,4.374249935,4.761189938,5.134970188,5.288980007,5.523230076,5.350719929,5.489779949,5.482850075,5.444240093,5.598670006,5.644010067,5.927700043,6.1833601,6.562059879,6.183479786,
Zambia,ZMB,1.788190007,,,,2.463429928,1.735530019,,1.240759969,1.099720001,,3.416004419,3.357722759,3.695002317,3.718207121,,4.624330044,3.747920036,3.729640007,4.739749908,4.41824007,3.949648142,3.106432199,3.58259511,
Zimbabwe,ZWE,,,,,,,,,,,1.544059992,5.077828407,6.07020998,5.995979786,6.13835001,,,5.818779945,2.050489902,,,,,