CountryName,CountryCode,2000,2001,2002,2003,2004,2005,2006,2007,2008,2009,2010,2011,2012,2013,2014,2015,2016,2017,2018,2019,2020,2021,2022
Aruba,ABW,1873452514,1896456983,1961843575,2044111732,2254830726,2360017318,2469782682,2677641341,2843024581,2553793296,2453597207,2637859218,2615208380,2727849721,2790849721,2962907263,2983635196,3092429050,3276184358,3395798883,2558906304,3103184102,3544707788
Africa Eastern and Southern,AFE,2.85E+11,2.60E+11,2.67E+11,3.55E+11,4.41E+11,5.15E+11,5.79E+11,6.64E+11,7.12E+11,7.24E+11,8.67E+11,9.72E+11,9.80E+11,9.86E+11,1.01E+12,9.33E+11,8.90E+11,1.03E+12,1.01E+12,1.01E+12,9.29E+11,1.09E+12,1.19E+12
Afghanistan,AFG,,,3825701406,4520946849,5224896719,6203256497,6971758333,9747886105,10109296958,12416152648,15856668496,17805098367,19907329906,20146416876,20497128600,19134221745,18116572399,18753456507,18053222735,18799444415,19955929061,14266499430,
Africa Western and Central,AFW,1.40E+11,1.48E+11,1.77E+11,2.04E+11,2.53E+11,3.10E+11,3.96E+11,4.66E+11,5.68E+11,5.08E+11,5.99E+11,6.82E+11,7.38E+11,8.34E+11,8.95E+11,7.69E+11,6.92E+11,6.86E+11,7.68E+11,8.23E+11,7.87E+11,8.45E+11,8.75E+11
Angola,AGO,9129594816,8936079251,15285592486,17812704627,23552057820,36970901024,52381025102,65266415707,88538664884,70307196474,83799473760,1.12E+11,1.28E+11,1.32E+11,1.36E+11,90496420626,52761617226,73690155047,79450688232,70897962713,48501561230,66505129989,1.07E+11
Albania,ALB,3480355258,3922100794,4348068242,5611496257,7184685782,8052077248,8896075005,10677324853,12881352894,12044205550,11926926616,12890760315,12319834195,12776224497,13228147516,11386853113,11861199831,13019726212,15156424015,15401826127,15162734205,17930565119,18916378861
Andorra,AND,1429047882,1546912332,1755989354,2361636235,2895047587,3159826892,3456264325,3952395030,4085780203,3674190066,3449925694,3629133063,3188653259,3193513470,3271686452,2789882569,2896611879,3000160415,3218418632,3155150256,2891002460,3325143693,3352031094
Arab World,ARB,8.21E+11,8.03E+11,8.08E+11,8.94E+11,1.06E+12,1.30E+12,1.55E+12,1.80E+12,2.26E+12,1.99E+12,2.35E+12,2.57E+12,2.80E+12,2.86E+12,2.91E+12,2.56E+12,2.54E+12,2.64E+12,2.85E+12,2.87E+12,2.54E+12,2.93E+12,3.54E+12
United Arab Emirates,ARE,1.04E+11,1.03E+11,1.10E+11,1.24E+11,1.48E+11,1.81E+11,2.22E+11,2.58E+11,3.15E+11,2.54E+11,3.00E+11,3.61E+11,3.85E+11,4.00E+11,4.14E+11,3.70E+11,3.69E+11,3.91E+11,4.27E+11,4.18E+11,3.49E+11,4.15E+11,5.07E+11
Argentina,ARG,2.84E+11,2.69E+11,97724004252,1.28E+11,1.65E+11,1.99E+11,2.33E+11,2.88E+11,3.62E+11,3.33E+11,4.24E+11,5.30E+11,5.46E+11,5.52E+11,5.26E+11,5.95E+11,5.58E+11,6.44E+11,5.25E+11,4.48E+11,3.86E+11,4.88E+11,6.31E+11
Armenia,ARM,1911563669,2118467913,2376335048,2807061009,3576615240,4900469511,6384452067,9206301270,11662040714,8647937081,9260285756,10142111825,10619320683,11121464437,11609513247,10553337518,10546136236,11527458709,12457940695,13619290539,12641698583,13878908629,19513474648
American Samoa,ASM,,,512000000,524000000,509000000,500000000,493000000,518000000,560000000,675000000,573000000,570000000,640000000,638000000,643000000,673000000,671000000,612000000,639000000,647000000,721000000,750000000,871000000
Antigua and Barbuda,ATG,826370370.4,800481481.5,814381481.5,856396296.3,919729629.6,1022962963,1157662963,1312759259,1370070370,1228329630,1148700000,1281337037,1327107407,1325425926,1378829630,1437755556,1489692593,1531151852,1661529630,1725351852,1410796296,1601366667,1867733333
Australia,AUS,4.16E+11,3.80E+11,3.96E+11,4.68E+11,6.15E+11,6.96E+11,7.48E+11,8.55E+11,1.06E+12,9.29E+11,1.15E+12,1.40E+12,1.55E+12,1.58E+12,1.47E+12,1.35E+12,1.21E+12,1.33E+12,1.43E+12,1.39E+12,1.33E+12,1.56E+12,1.69E+12
Austria,AUT,1.97E+11,1.98E+11,2.14E+11,2.62E+11,3.01E+11,3.16E+11,3.36E+11,3.89E+11,4.32E+11,4.02E+11,3.92E+11,4.32E+11,4.09E+11,4.30E+11,4.43E+11,3.82E+11,3.96E+11,4.17E+11,4.55E+11,4.45E+11,4.35E+11,4.79E+11,4.71E+11
Azerbaijan,AZE,5272615723,5707616204,6236087738,7276413079,8680405741,13245421881,20981929498,33049419431,48851293785,44292427185,52909294792,65952796428,69679944504,74160560124,75239785452,53076235355,37866996883,40866627352,47112470052,48174235294,42693000000,54825411765,78721058824
Burundi,BDI,870486065.9,876794723.1,825394519.4,784654423.6,915257323.4,1117113080,1273375078,1356199387,1611835857,1781455140,2032135192,2235820809,2333341334,2451606632,2705783330,3104003546,2644487777,2723586963,2667182200,2576518880,2649680261,2775798697,3338722828
Belgium,BEL,2.37E+11,2.37E+11,2.58E+11,3.18E+11,3.69E+11,3.86E+11,4.08E+11,4.71E+11,5.17E+11,4.83E+11,4.81E+11,5.23E+11,4.96E+11,5.22E+11,5.35E+11,4.62E+11,4.76E+11,5.03E+11,5.43E+11,5.36E+11,5.26E+11,6.01E+11,5.83E+11
Benin,BEN,3519991440,3666222635,4194342686,5349258094,6190270380,6567654954,7034111315,8169048383,9787734526,9738626517,9535345016,10693321364,11141358116,12517845124,13284527847,11388160997,11821065852,12701655846,14262408080,14390708757,15686741894,17687623535,17396792700
Burkina Faso,BFA,2968370088,3190371081,3622350063,4740768143,5451688538,6146353173,6547419820,7625722837,9451435490,9450696873,10109619741,12080295978,12561015157,13444300486,13943016077,11832159316,12833363045,14106955615,15890066221,16032813502,17725010531,19642668880,18820064798
Bangladesh,BGD,53369787319,53991289844,54724081491,60158929188,65108544250,69442943089,71819083684,79611888213,91631278239,1.02E+11,1.15E+11,1.29E+11,1.33E+11,1.50E+11,1.73E+11,1.95E+11,2.65E+11,2.94E+11,3.21E+11,3.51E+11,3.74E+11,4.16E+11,4.60E+11
Bulgaria,BGR,13245990274,14183446026,16403043850,21144957990,26157743369,29868657858,34380536496,44432811756,54480684188,52023801230,50760929303,57737040780,54288135059,55852123990,57157782910,50811995689,53964253212,59309748166,66370132238,68881010246,70368758395,84041493016,90346169915
Bahrain,BHR,9062898936,8976196809,9593510638,11074813830,13150159574,15968723404,18504760638,21730000000,25710904255,22938218085,25713271277,28776595745,30749308511,32539468085,33387712766,31050638298,32234973404,35473776596,37802005319,38653318085,34621807713,39288670213,44383297872
"Bahamas, The",BHS,8076470000,8317830000,8881160000,8870090000,9055290000,9836200000,10167250000,10618340000,10526000000,9981960000,10095760000,10070450000,10720400000,10395500000,10974800000,11672900000,11750800000,12253500000,12653600000,13058700000,9754600000,11527600000,12897400000
Bosnia and Herzegovina,BIH,5567772769,5800615466,6728220887,8498894359,10156541538,11222796337,12864841906,15778734264,19112796623,17613949091,17176315804,18644233537,17226735996,18179108531,18558733564,16404348871,17116926328,18326373366,20484053869,20482608755,20226036564,23649568277,24473906674
Belarus,BLR,12736780455,12354820144,14594900945,17825444724,23141566293,30210091837,36961894281,45275711996,60752106347,50873167326,57231904543,61762382328,65685890439,75527558966,78812805039,56454889147,47723545321,54725302250,60031173808,64410122847,61371755326,69673747132,72793457588
Belize,BLZ,1134756761,1168127974,1240059540,1303381861,1394273991,1468145956,1584207353,1699214299,1731921564,1681473348,1739070295,1818831938,1899503250,2021757434,2125125606,2194709309,2240593543,2266664817,2292787336,2386792476,2047727810,2424575179,2830507576
Bermuda,BMU,3480219000,3680483000,3937228000,4186525000,4484703000,4868136000,6144000000,6767000000,6980000000,6656000000,6634526000,6312691000,6378188000,6465756000,6413988000,6654541000,6899911000,7142316000,7225977000,7423465000,6887147000,7127200000,7546000000
Bolivia,BOL,8397855485,8141516928,7905485146,8082399640,8773451752,9549122905,11451844902,13120108008,16674276286,17339992194,19649723722,23963164697,27084497482,30659338886,32996188017,33000198249,33941126194,37508642171,40287647931,40895322851,36629843806,40406111695,44008282878
Brazil,BRA,6.55E+11,5.60E+11,5.10E+11,5.58E+11,6.69E+11,8.92E+11,1.11E+12,1.40E+12,1.70E+12,1.67E+12,2.21E+12,2.62E+12,2.47E+12,2.47E+12,2.46E+12,1.80E+12,1.80E+12,2.06E+12,1.92E+12,1.87E+12,1.48E+12,1.65E+12,1.92E+12
Barbados,BRB,3059500000,3054500000,3106500000,3209500000,3444500000,3819500000,4217450000,4674000000,4785250000,4465500000,4531150000,4656400000,4613850000,4685550000,4707600000,4734000000,4843300000,4992300000,5110250000,5341100000,4738800000,4923100000,5699950000
Brunei Darussalam,BRN,6001282104,5601018684,5843368268,6557397070,7872202803,9531420028,11470464771,12247677994,14393434225,10732595016,13707280260,18525128526,19048443341,18094321617,17097802753,12930291488,11400466356,12128183904,13566937674,13469235365,12005799654,14006496617,16681536467
Bhutan,BTN,424448931,461479581.8,520846133.5,603999374.5,682577068.5,796938572,874989741.1,1168307584,1227809270,1234015133,1547990912,1777102573,1781280182,1756214316,1907090376,2003596839,2158971711,2591358114,2583335724,2735683409,2457604043,2768003873,
Botswana,BWA,5788329609,5489608300,5438863983,7511582173,8957467707,9918907108,9919158482,10567270656,10730829116,10118459242,12637273429,15110643612,13907464500,14271738933,15470088501,13530748845,15082636723,16105156376,17031943186,16725908667,14960291541,18737066311,20355541963
Central African Republic,CAF,916777282.7,932648604.8,996068144.9,1142315523,1272360517,1337894379,1461859762,1699811295,1993407888,2067381665,2142591540,2437982705,2510126512,1691544110,1894813389,1695825714,1825018145,2072349973,2220979146,2221301351,2326720900,2516498412,2382618615
Canada,CAN,7.45E+11,7.39E+11,7.61E+11,8.96E+11,1.03E+12,1.17E+12,1.32E+12,1.47E+12,1.55E+12,1.37E+12,1.62E+12,1.79E+12,1.83E+12,1.85E+12,1.81E+12,1.56E+12,1.53E+12,1.65E+12,1.73E+12,1.74E+12,1.66E+12,2.01E+12,2.16E+12
Central Europe and the Baltics,CEB,4.29E+11,4.69E+11,5.28E+11,6.34E+11,7.63E+11,8.86E+11,1.00E+12,1.27E+12,1.53E+12,1.29E+12,1.32E+12,1.45E+12,1.36E+12,1.42E+12,1.46E+12,1.29E+12,1.32E+12,1.46E+12,1.65E+12,1.67E+12,1.67E+12,1.91E+12,1.94E+12
Switzerland,CHE,2.79E+11,2.87E+11,3.09E+11,3.62E+11,4.04E+11,4.18E+11,4.42E+11,4.91E+11,5.67E+11,5.54E+11,5.99E+11,7.16E+11,6.86E+11,7.06E+11,7.27E+11,6.94E+11,6.88E+11,6.95E+11,7.26E+11,7.21E+11,7.42E+11,8.13E+11,8.18E+11
Channel Islands,CHI,6439703435,6232906290,6663669065,7332244898,8553643354,8827272727,9676172953,11514605842,,,,,,,,,9511207129,9530244530,10422948632,10381669645,9811538462,11735662220,
Chile,CHL,78339750717,71574739559,70264045960,76492579644,99075985722,1.22E+11,1.54E+11,1.72E+11,1.80E+11,1.72E+11,2.17E+11,2.51E+11,2.67E+11,2.77E+11,2.60E+11,2.42E+11,2.49E+11,2.76E+11,2.96E+11,2.79E+11,2.54E+11,3.17E+11,3.01E+11
China,CHN,1.21E+12,1.34E+12,1.47E+12,1.66E+12,1.96E+12,2.29E+12,2.75E+12,3.55E+12,4.59E+12,5.10E+12,6.09E+12,7.55E+12,8.53E+12,9.57E+12,1.05E+13,1.11E+13,1.12E+13,1.23E+13,1.39E+13,1.43E+13,1.47E+13,1.78E+13,1.80E+13
Cote d'Ivoire,CIV,16577533891,16810537038,18054383334,21251754334,23510575668,24036918719,25281413268,28760090924,34078240260,33886813226,34936307965,36693710823,36302302845,42760235498,48843005626,45815005171,48407761032,52512344034,58522477745,59898479821,62982768372,71811075955,70018715017
Cameroon,CMR,10566579295,10953485349,12417251333,15970315035,18826214136,19509852207,20910512975,23928250433,27715142033,27932970317,27507501821,30630910495,30155062329,33728621180,36386544706,32210233020,33814337044,36098547033,39973842087,39670976453,40773241177,44993521774,43644068311
"Congo, Dem. Rep.",COD,19088046306,7438189100,8728038525,8937567060,10297483481,11964484466,14451901696,16737071816,19788515590,18648372553,21565721045,25839749199,29306235285,32679745048,35909040926,37917706497,37134801555,38019264795,47568210010,51775829877,48716961860,55328482784,64718641221
"Congo, Rep.",COG,3227927698,2796704604,3034250924,3503723088,4656974940,6650001680,8072305029,8782703437,11649857673,9723299915,13148396212,15655383577,17692911296,17958720699,17919224180,12434829581,10931247265,11834406801,14773806078,13976661498,11468608530,14825708811,15816996655
Colombia,COL,99875074951,98200641203,97945812803,94644969157,1.17E+11,1.46E+11,1.62E+11,2.06E+11,2.43E+11,2.32E+11,2.86E+11,3.35E+11,3.71E+11,3.82E+11,3.81E+11,2.93E+11,2.83E+11,3.12E+11,3.34E+11,3.23E+11,2.70E+11,3.19E+11,3.44E+11
Comoros,COM,351136579.6,378512024.1,425964681,546885222.7,633706110.8,653845169.2,698431793.9,795673153.2,915659107.8,905341174,907978731.7,1023086273,1015843491,1116224107,1149587660,966029599.8,1012835493,1077439756,1188797450,1195019531,1225039196,1296089479,1242519407
Cabo Verde,CPV,539227277.6,563090490.4,620507387.5,813260468.9,924940011.8,972241676.9,1107571458,1649621739,1959620648,1852334575,1824751468,2046817987,1913081210,2028910915,2041930125,1749857620,1849789986,1996741540,2205099507,2252177124,1821565614,1997866379,2226862134
Costa Rica,CRI,15013629659,15976174337,16578820687,17271760507,18610594846,20040642477,22715540325,26884700345,30801744882,30745714313,37658614804,42762613700,47231655431,50949668841,52016408952,56441920821,58847019610,60516044657,62420164992,64417670521,62395610760,64960725734,69243626029
Caribbean small states,CSS,34552588846,35580943998,37331464588,39893014716,43630425959,49313767403,56077496593,62332145606,70784637902,59841390196,64940854448,70216293657,74185116568,75356800317,77059089419,75749012502,71240254844,73779107435,76540797384,77253744415,65860096130,76123490343,94867024972
Cuba,CUB,30565400000,31682400000,33590500000,35901200000,38203000000,42643836100,48835925926,54262870370,56302129630,57481481481,59562962963,68990000000,73141000000,77148000000,80656100000,87132800000,91370407864,96850649692,1.00E+11,1.03E+11,1.07E+11,,
Curacao,CUW,,,,,,,,,,,,2930092237,3012836257,3033568606,3059406995,3058779212,3024690188,3033433248,3046364820,3026124116,2534327592,2739594360,3075180835
Cayman Islands,CYM,,,,,,,4200288241,4466278065,4585949024,4281714567,4156841107,4186073104,4291004524,4405796023,4562853611,4708167233,4909322237,5166281305,5530178441,5941896608,5647224989,6028373513,6844827379
Cyprus,CYP,9985844486,10397897086,11420227885,14547325028,17320552500,18433411267,20072786351,23968764030,27844698989,25945391775,25732125694,27564931919,24977293926,23899444183,23155988617,19842492367,20952955488,22870678689,25523485043,25947027570,25227201184,29482917679,29250524418
Czechia,CZE,61828166496,67808032980,82196001051,1.00E+11,1.20E+11,1.37E+11,1.56E+11,1.90E+11,2.37E+11,2.07E+11,2.09E+11,2.30E+11,2.09E+11,2.12E+11,2.09E+11,1.88E+11,1.96E+11,2.19E+11,2.49E+11,2.53E+11,2.46E+11,2.82E+11,2.91E+11
Germany,DEU,1.95E+12,1.95E+12,2.08E+12,2.50E+12,2.81E+12,2.85E+12,2.99E+12,3.43E+12,3.75E+12,3.41E+12,3.40E+12,3.75E+12,3.53E+12,3.73E+12,3.89E+12,3.36E+12,3.47E+12,3.69E+12,3.97E+12,3.89E+12,3.89E+12,4.28E+12,4.08E+12
Djibouti,DJI,551230861.9,572417440.8,591122039.6,622044665.5,666072101.8,708633194.7,768873684,847918929.1,999105339.3,1049110685,1128611700,1239144502,1353632942,2042817163,2214679081,2424391785,2604955229,2762581334,2913466732,3088853639,3185150981,3385825229,3515108860
Dominica,DMA,333470370.4,340203703.7,333196296.3,343311111.1,367200000,364255555.6,390251851.9,421374074.1,458188888.9,489074074.1,493825925.9,501025925.9,485996296.3,498296296.3,520429629.6,540737037,576229629.6,521551851.9,554770370.4,611537037,504214814.8,555266666.7,607440740.7
Denmark,DNK,1.64E+11,1.65E+11,1.79E+11,2.18E+11,2.51E+11,2.64E+11,2.83E+11,3.19E+11,3.53E+11,3.21E+11,3.22E+11,3.44E+11,3.27E+11,3.44E+11,3.53E+11,3.03E+11,3.13E+11,3.32E+11,3.57E+11,3.46E+11,3.55E+11,4.06E+11,4.00E+11
Dominican Republic,DOM,24305780629,25601823688,27137440786,21403167848,22322387382,35777560684,37879830084,43965458509,48122601530,48261078914,53860187258,58029773599,60681535653,62682159338,67179955677,71164826837,75704647878,79998046306,85555390139,88941372558,78844656298,94243425938,1.14E+11
Algeria,DZA,54790398570,54744697926,56760355865,67863850334,85332581189,1.03E+11,1.17E+11,1.35E+11,1.71E+11,1.37E+11,1.61E+11,2.00E+11,2.09E+11,2.10E+11,2.14E+11,1.66E+11,1.60E+11,1.70E+11,1.75E+11,1.72E+11,1.46E+11,1.63E+11,1.95E+11
East Asia & Pacific (excluding high income),EAP,1.74E+12,1.85E+12,2.04E+12,2.31E+12,2.68E+12,3.11E+12,3.74E+12,4.73E+12,5.99E+12,6.49E+12,7.90E+12,9.65E+12,1.08E+13,1.19E+13,1.28E+13,1.33E+13,1.36E+13,1.49E+13,1.66E+13,1.72E+13,1.75E+13,2.08E+13,2.12E+13
Early-demographic dividend,EAR,3.44E+12,3.41E+12,3.32E+12,3.69E+12,4.29E+12,5.00E+12,5.71E+12,6.76E+12,7.62E+12,7.33E+12,8.88E+12,9.80E+12,1.02E+13,1.04E+13,1.07E+13,1.02E+13,1.05E+13,1.14E+13,1.15E+13,1.17E+13,1.09E+13,1.27E+13,1.41E+13
East Asia & Pacific,EAS,8.38E+12,7.79E+12,7.91E+12,8.70E+12,9.76E+12,1.04E+13,1.10E+13,1.23E+13,1.42E+13,1.46E+13,1.71E+13,1.98E+13,2.12E+13,2.14E+13,2.21E+13,2.20E+13,2.28E+13,2.43E+13,2.65E+13,2.70E+13,2.72E+13,3.11E+13,3.07E+13
Europe & Central Asia (excluding high income),ECA,6.63E+11,6.55E+11,7.51E+11,9.47E+11,1.26E+12,1.59E+12,1.95E+12,2.51E+12,3.11E+12,2.44E+12,2.95E+12,3.67E+12,3.91E+12,4.15E+12,3.85E+12,2.92E+12,2.78E+12,3.12E+12,3.18E+12,3.25E+12,2.99E+12,3.58E+12,4.13E+12
Europe & Central Asia,ECS,1.01E+13,1.02E+13,1.11E+13,1.35E+13,1.58E+13,1.68E+13,1.82E+13,2.12E+13,2.34E+13,2.05E+13,2.10E+13,2.33E+13,2.25E+13,2.35E+13,2.38E+13,2.05E+13,2.04E+13,2.17E+13,2.32E+13,2.29E+13,2.22E+13,2.53E+13,2.53E+13
Ecuador,ECU,18327764882,24468324000,28548945000,32432858000,36591661000,41507085000,46802044000,51007777000,61762635000,62519686000,69555367000,79276664000,87924544000,95129659000,1.02E+11,99290381000,99937696000,1.04E+11,1.08E+11,1.08E+11,99291124000,1.06E+11,1.15E+11
"Egypt, Arab Rep.",EGY,99838543960,96684636119,85146067416,80288461538,78782467532,89600665557,1.07E+11,1.30E+11,1.63E+11,1.89E+11,2.19E+11,2.36E+11,2.79E+11,2.88E+11,3.06E+11,3.29E+11,3.32E+11,2.48E+11,2.63E+11,3.19E+11,3.84E+11,4.25E+11,4.77E+11
Euro area,EMU,6.52E+12,6.62E+12,7.23E+12,8.90E+12,1.02E+13,1.06E+13,1.12E+13,1.29E+13,1.42E+13,1.30E+13,1.27E+13,1.37E+13,1.27E+13,1.33E+13,1.36E+13,1.17E+13,1.20E+13,1.27E+13,1.38E+13,1.35E+13,1.32E+13,1.48E+13,1.42E+13
Eritrea,ERI,706370815.6,752371683.2,729321671.4,870248293.7,1109054005,1098424709,1211161880,1317974491,1380188800,1856695551,1589515447,2065001626,,,,,,,,,,,
Spain,ESP,5.98E+11,6.28E+11,7.09E+11,9.07E+11,1.07E+12,1.15E+12,1.26E+12,1.47E+12,1.63E+12,1.49E+12,1.42E+12,1.48E+12,1.32E+12,1.36E+12,1.37E+12,1.20E+12,1.23E+12,1.31E+12,1.42E+12,1.39E+12,1.28E+12,1.45E+12,1.42E+12
Estonia,EST,5686579748,6254649539,7367975888,9874013098,12145911801,14106790200,17022870405,22449129483,24341678629,19633031398,19523477326,23213994093,23019150071,25115753366,26634083965,22890762090,24072829277,26924385103,30624720196,31081901909,31370395573,37191166152,38100812959
Ethiopia,ETH,8242349618,8231326016,7850809498,8623691300,10131187261,12401139454,15280861835,19707616773,27066912635,32437389116,29933790334,31952763089,43310721414,47648276605,55612228234,64589328551,74296745208,81770886826,84269196626,95912607722,1.08E+11,1.11E+11,1.27E+11
European Union,EUU,7.28E+12,7.39E+12,8.08E+12,9.93E+12,1.14E+13,1.19E+13,1.27E+13,1.47E+13,1.63E+13,1.48E+13,1.46E+13,1.58E+13,1.46E+13,1.53E+13,1.57E+13,1.36E+13,1.39E+13,1.48E+13,1.60E+13,1.57E+13,1.54E+13,1.73E+13,1.67E+13
Fragile and conflict affected situations,FCS,5.28E+11,5.25E+11,5.16E+11,5.43E+11,6.83E+11,8.58E+11,1.06E+12,1.30E+12,1.65E+12,1.52E+12,1.80E+12,1.69E+12,1.89E+12,1.96E+12,2.08E+12,1.66E+12,1.56E+12,1.65E+12,1.74E+12,1.84E+12,1.67E+12,1.78E+12,1.91E+12
Finland,FIN,1.26E+11,1.30E+11,1.40E+11,1.72E+11,1.97E+11,2.05E+11,2.17E+11,2.56E+11,2.86E+11,2.53E+11,2.49E+11,2.76E+11,2.58E+11,2.71E+11,2.75E+11,2.35E+11,2.41E+11,2.56E+11,2.76E+11,2.69E+11,2.72E+11,2.96E+11,2.83E+11
Fiji,FJI,1678219508,1652462023,1833279985,2300492465,2708078477,2980403845,3076305453,3378314600,3523185920,2870624636,3140166713,3779411899,3972028104,4189967999,4857104791,4682479912,4930213634,5353469171,5581425325,5444407214,4432466237,4305031631,4979979546
France,FRA,1.37E+12,1.38E+12,1.50E+12,1.84E+12,2.12E+12,2.20E+12,2.32E+12,2.66E+12,2.93E+12,2.70E+12,2.65E+12,2.87E+12,2.68E+12,2.81E+12,2.86E+12,2.44E+12,2.47E+12,2.60E+12,2.79E+12,2.73E+12,2.65E+12,2.96E+12,2.78E+12
Faroe Islands,FRO,1067109531,1160268212,1275093689,1501941581,1724770771,1759739599,2017680835,2339015313,2489873250,2296065170,2331796784,2505740669,2427200389,2690110521,2914012679,2573905971,2813278869,2980057378,3188600927,3266432734,3262045883,3655063938,3555929833
"Micronesia, Fed. Sts.",FSM,233271800,240970900,242517200,245432900,240236000,250281900,253541900,256787200,263145100,280284600,296944100,311301600,327248700,317214400,319271200,316489900,332265200,366666800,401932300,416000000,408000000,406000000,424000000
Gabon,GAB,5080483629,5023265413,5335451100,6511903365,7770219008,9582783991,10327598306,12455409587,15571348344,12113699068,14372593020,18210307744,17170464016,17595744798,18203966896,14383107763,14023890265,14929487485,16867326402,16874405465,15314577155,20217946922,21071739225
United Kingdom,GBR,1.67E+12,1.65E+12,1.79E+12,2.05E+12,2.42E+12,2.54E+12,2.71E+12,3.09E+12,2.93E+12,2.41E+12,2.49E+12,2.66E+12,2.71E+12,2.78E+12,3.06E+12,2.93E+12,2.69E+12,2.68E+12,2.87E+12,2.85E+12,2.70E+12,3.14E+12,3.09E+12
Georgia,GEO,3057475335,3219462262,3395766678,3991377904,5125365192,6410912050,7745250734,10172931089,12795145131,10766920066,12243217071,15107486236,16488822461,17190068236,17627332900,14953673796,15141598623,16242645072,17596922470,17470436259,15842922533,18629365612,24780791064
Ghana,GHA,4982850662,5314872854,6166197848,7632723556,8881417907,10744568381,20885037597,24827339138,28679383241,26048720006,32197655567,39336668081,41271701061,62824629066,54783320577,49406009812,56164928691,60405920072,67298913752,68337974418,70043095504,79524421861,73766052452
Gibraltar,GIB,,,,,,,,,,,,,,,,,,,,,,,
Guinea,GIN,2995361111,2829435909,2950198724,3446441785,3635458214,2937071741,4220019243,6281917650,6964179188,6716904517,6853467832,6785137216,7638045226,8376613881,8778473643,8794202394,8595955600,10324668271,11857030367,13442861496,14177835841,16091817842,20999229260
"Gambia, The",GMB,782913871.8,687410645.1,578235309.3,487038685,961900651.4,1027701068,1054112488,1279703047,1561766956,1450142509,1543294927,1409693597,1415004738,1375609453,1229461721,1378176609,1484578886,1504909463,1670671328,1813609692,1812170891,2038414969,2187194563
Guinea-Bissau,GNB,371095522,392621389.5,417806651.1,477458577.2,532062894.8,587029096,592365659.8,696910784,868154627.9,830126428.8,849878489.1,1099818592,989271155.1,1046087367,1054915581,1048229633,1179004911,1350177012,1504630234,1439638411,1431758232,1638517607,1633559092
Equatorial Guinea,GNQ,1045998496,1461139022,1806742742,2484745935,4410764339,8217369093,10086528699,13071718759,19749893536,15027795173,16314443436,21357343669,22388344144,21948834284,21765453082,13185496881,11240808847,12200913888,13097012124,11364133546,9893816016,12104994084,12029633747
Greece,GRC,1.30E+11,1.36E+11,1.55E+11,2.02E+11,2.41E+11,2.48E+11,2.74E+11,3.19E+11,3.56E+11,3.31E+11,2.97E+11,2.83E+11,2.42E+11,2.39E+11,2.35E+11,1.96E+11,1.93E+11,2.00E+11,2.12E+11,2.05E+11,1.88E+11,2.15E+11,2.18E+11
Grenada,GRD,520044370.4,520444185.2,540336925.9,591018407.4,599118592.6,695555555.6,698700666.7,758683592.6,825976037,771275555.6,771014814.8,778655555.6,799881481.5,842618518.5,911496296.3,997007407.4,1061640741,1125685185,1166514815,1213485185,1043411111,1122800000,1215379156
Greenland,GRL,1068025016,1086170704,1169136716,1558759823,1822499769,1849802648,2013106930,2249811296,2499092314,2529963903,2503167187,2684461375,2609678486,2684946990,2842065708,2499113023,2707139544,2851613679,3055782146,2997309972,3082884653,3235809504,
Guatemala,GTM,19288929030,18405220247,20444205991,21576351799,23577298095,26783389294,29744246827,33567850824,38503720224,37126148265,40676578423,46876006272,49593929487,52996446269,57852153059,62186064719,66053403469,71653754066,73328365862,77172317259,77715183063,86053083476,95003330316
Guam,GUM,,,3394000000,3569000000,3869000000,4213000000,4238000000,4397000000,4658000000,4828000000,4949000000,4984000000,5265000000,5399000000,5610000000,5799000000,5901000000,6013000000,6056000000,6366000000,5886000000,6123000000,
Guyana,GUY,712667896.7,712167450.2,726131434.7,743063950.3,787814379.2,824880550.3,2379817991,2730971595,3025187433,3165663153,3432912517,3691384318,4063088536,4167800936,4127660158,4279840194,4482697337,4748174334,4787637006,5173760192,5471256595,8041362110,14718388489
High income,HIC,2.78E+13,2.75E+13,2.87E+13,3.21E+13,3.58E+13,3.78E+13,4.00E+13,4.38E+13,4.66E+13,4.37E+13,4.58E+13,4.94E+13,4.94E+13,5.01E+13,5.11E+13,4.83E+13,4.93E+13,5.16E+13,5.48E+13,5.53E+13,5.40E+13,6.02E+13,6.17E+13
"Hong Kong SAR, China",HKG,1.72E+11,1.69E+11,1.66E+11,1.61E+11,1.69E+11,1.82E+11,1.94E+11,2.12E+11,2.19E+11,2.14E+11,2.29E+11,2.49E+11,2.63E+11,2.76E+11,2.91E+11,3.09E+11,3.21E+11,3.41E+11,3.62E+11,3.63E+11,3.45E+11,3.69E+11,3.60E+11
Honduras,HND,7186638029,7651162302,7858255413,8230391347,8869299234,9757012697,10917477066,12361257681,13881731876,14587496229,15839344592,17710275685,18528554398,18499729215,19756533972,20979791685,21717604952,23136247991,24067750760,25089937022,23827859227,28488721681,31717699764
Heavily indebted poor countries (HIPC),HPC,1.78E+11,1.73E+11,1.87E+11,2.11E+11,2.43E+11,2.79E+11,3.30E+11,3.95E+11,4.70E+11,4.77E+11,5.26E+11,5.90E+11,6.11E+11,6.79E+11,7.22E+11,7.00E+11,7.35E+11,8.13E+11,7.75E+11,8.03E+11,8.12E+11,9.02E+11,9.81E+11
Croatia,HRV,22128719418,23063323723,26757255952,35254833028,41855265955,45025332740,49601608069,59319172947,68519137406,62085753436,58819429750,62736258335,57354547991,59491066218,59342363989,50857353544,52512987756,56061675144,61481309636,61470295888,57760024674,69081236641,71600049650
Haiti,HTI,6813565983,6331970413,6205847137,5071947798,6087360735,7030149791,7638739124,9228637766,10432962725,11597002930,11859312627,13008746039,13708925403,14902488489,15146883647,14849629408,14069277533,15093357143,16403864522,15016090930,14508222518,20877414953,20253551885
Hungary,HUN,47218405892,53749989092,67608919144,85285062818,1.04E+11,1.13E+11,1.16E+11,1.40E+11,1.58E+11,1.31E+11,1.32E+11,1.42E+11,1.29E+11,1.36E+11,1.41E+11,1.25E+11,1.29E+11,1.43E+11,1.61E+11,1.64E+11,1.57E+11,1.82E+11,1.77E+11
IBRD only,IBD,5.87E+12,5.95E+12,6.04E+12,6.78E+12,8.08E+12,9.66E+12,1.14E+13,1.42E+13,1.71E+13,1.65E+13,2.01E+13,2.38E+13,2.53E+13,2.67E+13,2.76E+13,2.58E+13,2.60E+13,2.87E+13,3.06E+13,3.12E+13,3.01E+13,3.57E+13,3.78E+13
IDA & IBRD total,IBT,6.45E+12,6.52E+12,6.65E+12,7.47E+12,8.89E+12,1.06E+13,1.26E+13,1.55E+13,1.86E+13,1.81E+13,2.19E+13,2.56E+13,2.72E+13,2.87E+13,2.98E+13,2.80E+13,2.82E+13,3.10E+13,3.29E+13,3.37E+13,3.25E+13,3.83E+13,4.06E+13
IDA total,IDA,5.73E+11,5.73E+11,6.16E+11,6.88E+11,8.06E+11,9.39E+11,1.12E+12,1.31E+12,1.56E+12,1.54E+12,1.78E+12,1.81E+12,1.90E+12,2.07E+12,2.23E+12,2.17E+12,2.19E+12,2.30E+12,2.38E+12,2.47E+12,2.42E+12,2.63E+12,2.82E+12
IDA blend,IDB,2.24E+11,2.24E+11,2.46E+11,2.77E+11,3.36E+11,3.98E+11,4.94E+11,5.73E+11,6.72E+11,6.26E+11,7.35E+11,8.41E+11,9.35E+11,1.02E+12,1.10E+12,1.05E+12,9.78E+11,9.61E+11,1.05E+12,1.07E+12,1.00E+12,1.10E+12,1.18E+12
Indonesia,IDN,1.65E+11,1.60E+11,1.96E+11,2.35E+11,2.57E+11,2.86E+11,3.65E+11,4.32E+11,5.10E+11,5.40E+11,7.55E+11,8.93E+11,9.18E+11,9.13E+11,8.91E+11,8.61E+11,9.32E+11,1.02E+12,1.04E+12,1.12E+12,1.06E+12,1.19E+12,1.32E+12
IDA only,IDX,3.50E+11,3.51E+11,3.71E+11,4.12E+11,4.70E+11,5.41E+11,6.24E+11,7.39E+11,8.92E+11,9.19E+11,1.05E+12,9.65E+11,9.69E+11,1.05E+12,1.12E+12,1.13E+12,1.22E+12,1.34E+12,1.33E+12,1.40E+12,1.41E+12,1.53E+12,1.65E+12
Isle of Man,IMN,1563667800,1659131244,1947332922,2328658228,2822358473,3032409189,3422735302,4466353635,5928788781,5486918995,5920366628,6565668781,6690228489,7001180246,7708459145,7084795708,6846373277,6979791187,7491654051,7314966839,6684229269,,
India,IND,4.68E+11,4.85E+11,5.15E+11,6.08E+11,7.09E+11,8.20E+11,9.40E+11,1.22E+12,1.20E+12,1.34E+12,1.68E+12,1.82E+12,1.83E+12,1.86E+12,2.04E+12,2.10E+12,2.29E+12,2.65E+12,2.70E+12,2.84E+12,2.67E+12,3.15E+12,3.42E+12
Not classified,INX,,,,,,,,,,,,,,,,,,,,,,,
Ireland,IRL,1.00E+11,1.09E+11,1.29E+11,1.65E+11,1.94E+11,2.12E+11,2.32E+11,2.70E+11,2.75E+11,2.36E+11,2.22E+11,2.39E+11,2.25E+11,2.38E+11,2.60E+11,2.92E+11,2.99E+11,3.37E+11,3.87E+11,3.99E+11,4.29E+11,5.13E+11,5.33E+11
"Iran, Islamic Rep.",IRN,1.10E+11,1.27E+11,1.29E+11,1.54E+11,1.90E+11,2.26E+11,2.66E+11,3.50E+11,4.12E+11,4.16E+11,4.87E+11,6.26E+11,6.44E+11,4.93E+11,4.60E+11,4.08E+11,4.58E+11,4.87E+11,3.30E+11,2.84E+11,2.40E+11,3.59E+11,4.13E+11
Iraq,IRQ,48364250944,36176430129,32928454672,21921569479,36627901762,49954890353,65140147197,88837055195,1.32E+11,1.12E+11,1.39E+11,1.86E+11,2.18E+11,2.35E+11,2.28E+11,1.67E+11,1.67E+11,1.87E+11,2.27E+11,2.34E+11,1.81E+11,2.08E+11,2.64E+11
Iceland,ISL,9025660362,8234846805,9318395055,11429333038,13825302536,16852963067,17465318552,21652505597,18074622987,13154414219,13751161918,15221622926,14751508134,16125060515,17867662178,17517210519,20793168031,24728285177,26260850582,24681343649,21565767851,25595940170,28064529851
Israel,ISR,1.36E+11,1.35E+11,1.25E+11,1.31E+11,1.40E+11,1.47E+11,1.59E+11,1.84E+11,2.21E+11,2.12E+11,2.38E+11,2.67E+11,2.62E+11,2.98E+11,3.14E+11,3.03E+11,3.22E+11,3.58E+11,3.77E+11,4.02E+11,4.13E+11,4.89E+11,5.25E+11
Italy,ITA,1.15E+12,1.17E+12,1.28E+12,1.58E+12,1.81E+12,1.86E+12,1.95E+12,2.21E+12,2.41E+12,2.20E+12,2.14E+12,2.29E+12,2.09E+12,2.14E+12,2.16E+12,1.84E+12,1.88E+12,1.96E+12,2.09E+12,2.01E+12,1.90E+12,2.16E+12,2.05E+12
Jamaica,JAM,9005064475,9194727831,9719009495,9430234811,10174664854,11243865778,11930179090,12799600047,13709401520,12120458115,13220549908,14444661522,14807086556,14264205153,13899217722,14188936958,14077096714,14808985171,15730792836,15830766571,13812421803,14657586127,17097760724
Jordan,JOR,8460789845,8975814653,9582510578,10195627645,11411706629,12588998590,15056981664,17110437236,22658715989,24537876056,27133804225,29524149155,31634561690,34454440141,36847643521,38587017887,39892551127,41608435915,43370860704,44502816901,43700383099,46296100141,48653381781
Japan,JPN,4.97E+12,4.37E+12,4.18E+12,4.52E+12,4.89E+12,4.83E+12,4.60E+12,4.58E+12,5.11E+12,5.29E+12,5.76E+12,6.23E+12,6.27E+12,5.21E+12,4.90E+12,4.44E+12,5.00E+12,4.93E+12,5.04E+12,5.12E+12,5.06E+12,5.03E+12,4.26E+12
Kazakhstan,KAZ,18291990662,22152689180,24636598527,30833692900,43151647003,57123671734,81003864630,1.05E+11,1.33E+11,1.15E+11,1.48E+11,1.93E+11,2.08E+11,2.37E+11,2.21E+11,1.84E+11,1.37E+11,1.67E+11,1.79E+11,1.82E+11,1.71E+11,1.97E+11,2.25E+11
Kenya,KEN,12705350098,12986007426,13147736899,14904517650,16095337094,18737895513,25825512284,31958195182,35895153328,42347217913,45405615064,46869473151,56396704672,61671440408,68285796514,70120446897,74815144164,82036510877,92202979985,1.00E+11,1.01E+11,1.10E+11,1.13E+11
Kyrgyz Republic,KGZ,1369688498,1525116370,1605643105,1919008090,2211534585,2460246766,2834168889,3802570553,5139958909,4690061381,4794361863,6197765984,6605142884,7335033801,7468102413,6678177512,6813095379,7702938379,8271106235,9371275264,8270468614,9249133946,11543966559
Cambodia,KHM,3654031716,3984000517,4284028483,4658246918,5337833248,6293046162,7274595707,8639235913,10351914177,10401851768,11242275288,12829541141,14054443213,15227991395,16702610842,18049954289,20016747858,22177200588,24571753583,27089390033,25872797892,26961061152,29504829319
Kiribati,KIR,67253121.62,63099901.63,72197909.01,90231037.53,102370652.9,112136256.3,110237181,132674851.4,141045213,132421039.3,155305602.2,180672702.3,189629954.8,184543120.9,177868200,170292316.8,178507954.9,188540710.2,196501525.7,175181629.3,177553274.6,227610079.1,223353014.3
St. Kitts and Nevis,KNA,421695769.8,458643829,481077373.7,469869869.9,506900000,547203703.7,644414814.8,689285185.2,777691333.3,774273111.1,778718518.5,836092592.6,825381481.5,874896296.3,953166666.7,957025925.9,1007348148,1058366667,1076240741,1107155556,883933333.3,858592592.6,965638864.9
"Korea, Rep.",KOR,5.76E+11,5.48E+11,6.27E+11,7.03E+11,7.93E+11,9.35E+11,1.05E+12,1.17E+12,1.05E+12,9.44E+11,1.14E+12,1.25E+12,1.28E+12,1.37E+12,1.48E+12,1.47E+12,1.50E+12,1.62E+12,1.73E+12,1.65E+12,1.64E+12,1.82E+12,1.67E+12
Kuwait,KWT,37718743480,34889559870,38135788414,47874582232,59439090601,80798630137,1.02E+11,1.15E+11,1.47E+11,1.06E+11,1.15E+11,1.54E+11,1.74E+11,1.74E+11,1.63E+11,1.15E+11,1.09E+11,1.21E+11,1.38E+11,1.36E+11,1.06E+11,1.37E+11,1.75E+11
Latin America & Caribbean (excluding high income),LAC,2.00E+12,1.95E+12,1.76E+12,1.80E+12,2.05E+12,2.47E+12,2.88E+12,3.40E+12,3.93E+12,3.65E+12,4.56E+12,5.32E+12,5.30E+12,5.44E+12,5.46E+12,4.64E+12,4.50E+12,5.01E+12,4.87E+12,4.81E+12,4.05E+12,4.67E+12,5.35E+12
Lao PDR,LAO,1731198022,1768619058,1758176653,2023324407,2366398120,2735558735,3455031448,4223152219,5446434032,5836138127,7131773633,8750107402,10192848926,11983252627,13279248479,14426381187,15912495369,17071162084,18141651381,18740559554,18981800705,18827148529,15468785204
Lebanon,LBN,17260364842,17649751244,19152238806,20082918740,21159827992,21497336499,22022709851,24827355015,29118916105,35399582929,38443907042,39927125962,44016799516,46880103081,48095213747,49929337837,51147308774,53027680686,54901519156,51605959131,31712128254,23131941557,
Liberia,LBR,874000000,906000000,927000000,748000000,897000000,949000000,1119000000,1373000000,1726000000,1768000000,1998000000,2398000000,2791614000,3177198100,3225652000,3227075700,3398419600,3390703400,3422754800,3319596500,3039982500,3509000000,4001046970
Libya,LBY,38270983032,34112079629,20481889764,26265625000,33122307692,47334697612,60094248772,68032985519,86710739536,60808538332,75380800665,48169243832,92540964667,75351117629,57372352562,48717506273,49912085228,67157451661,76686048497,69254143967,46808208746,39798423941,45752336036
St. Lucia,LCA,932592592.6,892592592.6,900000000,987407407.4,1066666667,1135555556,1268319185,1336088815,1437731111,1401507889,1482385185,1568370370,1598207407,1660222222,1749288889,1807225926,1865459259,1996711111,2057066667,2102534000,1604444444,1961111111,2343703704
Latin America & Caribbean,LCN,2.33E+12,2.28E+12,2.05E+12,2.09E+12,2.41E+12,2.90E+12,3.40E+12,4.00E+12,4.64E+12,4.36E+12,5.40E+12,6.14E+12,6.21E+12,6.36E+12,6.48E+12,5.42E+12,5.29E+12,5.87E+12,5.74E+12,5.66E+12,4.81E+12,5.55E+12,6.30E+12
Least developed countries: UN classification,LDC,2.20E+11,2.13E+11,2.33E+11,2.63E+11,3.02E+11,3.56E+11,4.14E+11,4.99E+11,6.12E+11,6.16E+11,7.04E+11,8.10E+11,8.46E+11,9.15E+11,9.87E+11,9.54E+11,9.97E+11,1.11E+12,1.09E+12,1.15E+12,1.16E+12,1.27E+12,1.42E+12
Low income,LIC,1.87E+11,1.87E+11,2.01E+11,2.19E+11,2.58E+11,3.09E+11,3.57E+11,4.29E+11,5.15E+11,5.28E+11,5.94E+11,4.32E+11,4.10E+11,4.18E+11,4.51E+11,4.51E+11,4.47E+11,4.94E+11,4.18E+11,4.45E+11,4.38E+11,4.65E+11,5.28E+11
Liechtenstein,LIE,2483889858,2491800559,2688618747,3070803051,3454373798,3659319117,4000102086,4601429897,5081479840,4504375348,5082337238,5739706005,5456102482,6391708311,6657526980,6268515276,6237302034,6474308718,6692620692,6436467007,6405870210,7710380086,
Sri Lanka,LKA,16330814180,15749753805,16536535647,18881765437,20662525941,24405791045,28279802406,32350238760,40713826215,42066224093,58636161082,67753284044,70447216891,77000578167,82528535714,85140955389,88012282206,94376237797,94493871201,89014978344,84440516486,88548049121,74403578363
Lower middle income,LMC,1.38E+12,1.41E+12,1.49E+12,1.70E+12,1.99E+12,2.32E+12,2.72E+12,3.36E+12,3.78E+12,3.81E+12,4.57E+12,5.21E+12,5.49E+12,5.60E+12,5.90E+12,5.75E+12,6.00E+12,6.46E+12,6.61E+12,6.88E+12,6.62E+12,7.60E+12,8.17E+12
Low & middle income,LMY,6.01E+12,6.07E+12,6.22E+12,7.00E+12,8.30E+12,9.88E+12,1.17E+13,1.45E+13,1.73E+13,1.69E+13,2.05E+13,2.42E+13,2.58E+13,2.73E+13,2.82E+13,2.68E+13,2.70E+13,2.96E+13,3.14E+13,3.22E+13,3.10E+13,3.66E+13,3.88E+13
Lesotho,LSO,887291687.9,825706961.2,775777238.6,1157825435,1511236656,1682343527,1800092564,1682131785,1766902709,1740894965,2234754242,2579409620,2477702216,2367112932,2441063054,2359686725,2131522791,2306185472,2556247292,2361966946,2067813019,2348771013,2236502124
Late-demographic dividend,LTE,3.41E+12,3.53E+12,3.74E+12,4.26E+12,5.12E+12,6.17E+12,7.45E+12,9.38E+12,1.17E+13,1.13E+13,1.36E+13,1.65E+13,1.77E+13,1.90E+13,1.98E+13,1.86E+13,1.86E+13,2.06E+13,2.26E+13,2.30E+13,2.25E+13,2.68E+13,2.81E+13
Lithuania,LTU,11524776867,12237388002,14259781159,18781721376,22627507452,26097677572,30183575104,39697891352,47797551588,37388122046,37128694028,43535051482,42927454291,46523420074,48533659592,41435533340,43047309306,47758736932,53751411409,54808531641,56964942999,66798933786,70974490450
Luxembourg,LUX,21230182989,21387533703,23649833332,29667268248,35064843793,37672280120,42910146296,51587401416,58844277702,54467289898,56213985987,61696281326,59776383527,65203276467,68804811898,60071584216,62216885436,65712180343,71000359760,69890505324,73699366700,85584105994,81641807866
Latvia,LVA,7958852839,8362398702,9557031605,11771975157,14435700533,17003459863,21570076499,31054350978,35854274229,26410909091,23956163077,27474380566,28169902669,30204783462,31386896487,27263090547,28083597512,30483806018,34429023435,34225547537,34390910339,39443126174,40932030050
"Macao SAR, China",MAC,6774193548,6860272608,7371692774,8246479566,10643253553,12160056122,14874098692,18439981612,21027018333,21587786906,28241798492,36845888757,43189721377,51536595089,54902831794,45048190598,45070808689,50383871121,55190661340,55082293844,25343525936,30969334705,24042287327
St. Martin (French part),MAF,,,,,,,,,,,,775875748.5,,,772921958.5,,,,,652206037.1,,649206262.8,
Morocco,MAR,43017455402,43831480208,47077192188,58029363354,66114145451,68852658069,75883823301,86947913287,1.02E+11,1.01E+11,1.01E+11,1.10E+11,1.07E+11,1.16E+11,1.19E+11,1.10E+11,1.12E+11,1.19E+11,1.27E+11,1.29E+11,1.21E+11,1.42E+11,1.31E+11
Monaco,MCO,2654462665,2673723034,2919647982,3597089751,4043551489,4204652899,4586826513,5875790766,6502942245,5474379252,5367561570,6088689808,5742749294,6555591710,7069353073,6261649891,6465645585,6431271365,7182444410,7383944044,6739645416,8626081321,8784002932
Moldova,MDA,1288429392,1480673594,1661818168,1980907435,2598249556,2988342907,3408255451,4401173152,6054824248,5439434272,6974982370,8414352020,8709138635,9496717876,9399833207,7798692878,7982450758,9519053158,11253727815,11735774634,11531967881,13692230147,14508333280
Madagascar,MDG,4629247204,5438332602,5351701663,6372498890,5064732626,5859269753,6395712491,8524620890,10725137724,9616879409,9982711338,11551819618,11578975062,12423555455,12522957399,11323020701,11848613858,13176313594,13760033282,14104664679,13051441204,14554754117,15297192799
Maldives,MDV,624337145.3,870031676.8,897031250,1052121056,1226829565,1163362434,1575200391,1868383460,2271646188,2345294879,2588176058,2774350238,2886163996,3295009237,3697353037,4129505320,4409942623,4816426260,5404344159,5726094798,3712604580,5254366310,6170638747
Middle East & North Africa,MEA,1.05E+12,1.05E+12,1.04E+12,1.16E+12,1.37E+12,1.64E+12,1.92E+12,2.27E+12,2.83E+12,2.56E+12,2.99E+12,3.38E+12,3.64E+12,3.58E+12,3.60E+12,3.18E+12,3.21E+12,3.35E+12,3.52E+12,3.52E+12,3.16E+12,3.74E+12,4.43E+12
Mexico,MEX,7.42E+11,7.96E+11,8.11E+11,7.66E+11,8.19E+11,9.18E+11,1.02E+12,1.10E+12,1.16E+12,9.43E+11,1.11E+12,1.23E+12,1.26E+12,1.33E+12,1.36E+12,1.21E+12,1.11E+12,1.19E+12,1.26E+12,1.31E+12,1.12E+12,1.31E+12,1.47E+12
Marshall Islands,MHL,115347500,122824000,131738200,131398500,132934600,137666300,142745200,149870000,145969100,150624900,160318500,171567100,179855800,185468000,185172900,182997300,200716000,212701200,219430038.5,231996704.1,240751144.4,257784881.6,258774475.1
Middle income,MIC,5.83E+12,5.89E+12,6.03E+12,6.79E+12,8.05E+12,9.58E+12,1.14E+13,1.40E+13,1.68E+13,1.64E+13,2.00E+13,2.38E+13,2.54E+13,2.69E+13,2.78E+13,2.63E+13,2.65E+13,2.91E+13,3.10E+13,3.17E+13,3.06E+13,3.61E+13,3.83E+13
North Macedonia,MKD,3772859034,3709636031,4018365747,4946296599,5682784472,6258602873,6861226972,8336474974,9909552435,9401736825,9407170321,10494626768,9745261301,10817702346,11362265253,10064519963,10672467073,11307067070,12683068114,12606338449,12363580535,13998355971,13563132102
Mali,MLI,2961484954,3468337942,3908121307,4714071980,5454249126,6247515888,6905934218,8156468826,9838403101,10231962390,10689168016,12995112690,12442035339,13242690786,14364937124,13104764378,14026048336,15365713048,17070867590,17280250810,17465392764,19309463508,18827176530
Malta,MLT,4069515557,4088368962,4470446352,5448415540,6098092512,6416184236,6778324087,7925371459,9090406750,8696366869,9035824366,9638728635,9461776292,10551030597,11625848975,11091483660,11668015566,13484541926,15404393365,15992378640,15252609039,18087205251,18125564514
Myanmar,MMR,8905066164,6477790688,6777632512,10467109978,10567354056,11986972419,14502553710,20182477481,31862554102,36906181381,49540813342,59977326086,59937796642,60269732883,65446196920,59687411769,63216143490,66055090634,67855845007,75072038086,79045695085,66262813093,62263466264
Middle East & North Africa (excluding high income),MNA,5.36E+11,5.42E+11,5.28E+11,5.78E+11,6.86E+11,8.09E+11,9.42E+11,1.15E+12,1.42E+12,1.38E+12,1.59E+12,1.64E+12,1.76E+12,1.62E+12,1.60E+12,1.44E+12,1.48E+12,1.48E+12,1.40E+12,1.41E+12,1.28E+12,1.50E+12,1.70E+12
Montenegro,MNE,984293043.8,1159869246,1284685051,1707710053,2073234418,2257174481,2721903149,3680711744,4545674528,4159330370,4142983843,4544428421,4087526242,4465772400,4593853291,4054730078,4376930578,4856599481,5506942238,5542054181,4769996866,5861427505,6229801581
Mongolia,MNG,1136896124,1267997934,1396555720,1595297356,1992066808,2523471601,3414055662,4234999704,5623216608,4583850368,7189481999,10409797378,12292770632,12582122604,12226514668,11619892591,11181350649,11480847741,13178094720,14206359018,13312981429,15286441738,17146471626
Northern Mariana Islands,MNP,,,1284000000,1239000000,1210000000,1061000000,990000000,938000000,939000000,795000000,799000000,729000000,746000000,772000000,832000000,910000000,1230000000,1560000000,1301000000,1181000000,858000000,,
Mozambique,MOZ,5930685215,5650154067,5950769427,6583526861,7937255565,8868504900,9509835537,10811456006,12920340965,12263894790,11411894724,14619279989,16688114144,17198073057,17978246586,16208985770,12069051237,13264640646,15017358751,15512759175,14235420505,16168056389,18406835955
Mauritania,MRT,1779520886,1746063558,1777057481,2051147607,2362501023,2936019526,3919577286,4346212355,5206437194,4714595548,5628878798,6764627746,6728208836,7223071097,6592537782,6166863897,6398747592,6800135898,7473550557,7894764886,8260752385,9222536364,9780863579
Mauritius,MUS,4663321081,4613637275,4841310240,5816559039,6578840419,6488743193,7028810681,8150150209,9990356674,9128843109,10003670690,11518413430,11668696397,12292974141,13074129952,12007291046,12594155464,13713506131,14735695931,14436346980,11408106446,11484357948,12948726654
Malawi,MWI,2537307580,2498008665,5087328438,4669789300,5058726350,5320409651,5818279739,6451210219,7743617352,9009887947,10128323011,11648142958,8773203178,8031571928,8801326169,9219474379,7909868618,8943543677,9880675786,11025371147,12056108778,12602334122,13164667627
Malaysia,MYS,93789736842,92783947368,1.01E+11,1.10E+11,1.25E+11,1.44E+11,1.63E+11,1.94E+11,2.31E+11,2.02E+11,2.55E+11,2.98E+11,3.14E+11,3.23E+11,3.38E+11,3.01E+11,3.01E+11,3.19E+11,3.59E+11,3.65E+11,3.37E+11,3.74E+11,4.07E+11
North America,NAC,1.10E+13,1.13E+13,1.17E+13,1.24E+13,1.32E+13,1.42E+13,1.51E+13,1.59E+13,1.63E+13,1.59E+13,1.67E+13,1.74E+13,1.81E+13,1.87E+13,1.94E+13,1.98E+13,2.02E+13,2.11E+13,2.23E+13,2.31E+13,2.27E+13,2.53E+13,2.76E+13
Namibia,NAM,3922232165,3557341215,3349169826,4926439384,6609205995,7248374838,8001779551,8839536476,8607431497,8938847189,11431412421,12523359441,13042053592,12043307277,12435430970,11335161084,10722018732,12895153160,13682018827,12541928103,10583748542,12446290855,12914932656
New Caledonia,NCL,3420032041,3297734891,3740056748,4915353827,5895008978,6238629487,6979155388,8819917180,9067619760,8704438102,9364350077,10351448005,9659151917,10151382933,10635035595,8738203074,8724568955,9174048682,9896402284,9475655325,9454629468,10071349664,9623318718
Niger,NER,2241753193,2448714704,2782192879,3394084732,3760443738,4383315965,4756361252,5731485052,7297600226,7352131310,7851192502,8772950778,9426912648,10224897438,10862943544,9683867926,10398861982,11185104252,12837307497,12889555561,13744653103,14915002436,15342278919
Nigeria,NGA,69171451627,73557840064,95054059303,1.05E+11,1.36E+11,1.76E+11,2.38E+11,2.78E+11,3.39E+11,2.95E+11,3.67E+11,4.14E+11,4.64E+11,5.20E+11,5.74E+11,4.93E+11,4.05E+11,3.76E+11,4.22E+11,4.75E+11,4.32E+11,4.41E+11,4.73E+11
Nicaragua,NIC,5107329007,5323146566,5224213018,5322454926,5795568205,6321324279,6763418646,7423365339,8496948363,8298736418,8758619001,9774319977,10531980241,10982995267,11880434071,12756685522,13286101285,13785924374,13025234959,12699028991,12678162404,14145880399,15671583940
Netherlands,NLD,4.17E+11,4.32E+11,4.74E+11,5.80E+11,6.58E+11,6.85E+11,7.34E+11,8.49E+11,9.52E+11,8.72E+11,8.47E+11,9.05E+11,8.39E+11,8.77E+11,8.92E+11,7.66E+11,7.84E+11,8.34E+11,9.14E+11,9.10E+11,9.10E+11,1.03E+12,1.01E+12
Norway,NOR,1.71E+11,1.74E+11,1.96E+11,2.29E+11,2.65E+11,3.10E+11,3.47E+11,4.03E+11,4.65E+11,3.88E+11,4.31E+11,5.01E+11,5.13E+11,5.26E+11,5.02E+11,3.88E+11,3.71E+11,4.02E+11,4.40E+11,4.09E+11,3.68E+11,5.03E+11,5.93E+11
Nepal,NPL,5494252208,6007055042,6050875807,6330473097,7273938315,8130258415,9043715356,10325618017,12545438605,12854985464,16002656434,21573872274,21703100747,22162205046,22731612827,24360801338,24524109484,28971588880,33111525183,34186180696,33433659224,36924841429,40828247304
New Zealand,NZL,52623281957,53872425917,66627729311,88250885550,1.04E+11,1.15E+11,1.12E+11,1.37E+11,1.33E+11,1.21E+11,1.47E+11,1.68E+11,1.76E+11,1.91E+11,2.01E+11,1.78E+11,1.89E+11,2.07E+11,2.12E+11,2.13E+11,2.13E+11,2.56E+11,2.48E+11
OECD members,OED,2.77E+13,2.74E+13,2.86E+13,3.20E+13,3.56E+13,3.76E+13,3.97E+13,4.35E+13,4.62E+13,4.32E+13,4.53E+13,4.87E+13,4.87E+13,4.93E+13,5.03E+13,4.74E+13,4.84E+13,5.05E+13,5.34E+13,5.39E+13,5.26E+13,5.86E+13,5.98E+13
Oman,OMN,19507452536,19452000520,20142756047,21633708192,24763712874,31081991678,37215779714,42085379454,60905452536,48388363589,64993498049,77497529259,87408842653,89936020806,92699089727,78710793238,75128738622,80856697009,91505851756,88060858257,75909397659,88191977373,1.15E+11
Other small states,OSS,91448741121,90982919680,98158426363,1.22E+11,1.52E+11,1.84E+11,2.16E+11,2.64E+11,3.23E+11,2.77E+11,3.22E+11,3.97E+11,4.14E+11,4.32E+11,4.46E+11,3.70E+11,3.66E+11,3.99E+11,4.43E+11,4.34E+11,3.78E+11,4.57E+11,5.31E+11
Pakistan,PAK,99484802345,97145618480,97923302809,1.12E+11,1.32E+11,1.45E+11,1.62E+11,1.84E+11,2.02E+11,1.87E+11,1.97E+11,2.31E+11,2.50E+11,2.59E+11,2.71E+11,3.00E+11,3.14E+11,3.39E+11,3.56E+11,3.21E+11,3.00E+11,3.49E+11,3.75E+11
Panama,PAN,12304115000,12502013400,12994310400,13693981200,15013381700,16374393900,18141666300,21295984200,25155888600,27116635600,29440287600,34686224300,40429700000,45599900000,49921400000,54091800000,57907700000,62202700000,67294169200,69721787500,57086836900,67406738100,76522511800
Peru,PER,51744749133,52030158775,54777553515,58731030122,66768703498,76060606061,88643193062,1.02E+11,1.21E+11,1.21E+11,1.48E+11,1.72E+11,1.93E+11,2.01E+11,2.01E+11,1.90E+11,1.92E+11,2.11E+11,2.23E+11,2.28E+11,2.02E+11,2.24E+11,2.43E+11
Philippines,PHL,83669788255,78921234458,84307345888,87039092974,95001999685,1.07E+11,1.28E+11,1.56E+11,1.82E+11,1.76E+11,2.08E+11,2.34E+11,2.62E+11,2.84E+11,2.97E+11,3.06E+11,3.19E+11,3.28E+11,3.47E+11,3.77E+11,3.62E+11,3.94E+11,4.04E+11
Palau,PLW,146297500,156907900,163184900,153963200,165186200,190452900,192382400,198897700,198283900,187522800,185943000,196911100,212397800,221117200,241669800,280457700,298300000,285600000,288546281.3,281970375,257885921.9,232903015.6,
Papua New Guinea,PNG,3521339699,3081024212,2999511040,3536411824,3927157867,4865892972,8354911041,9545028944,11670892801,11619456449,14250786675,17985138066,21295168666,21261338065,23210823987,21723437010,20758876953,22742699138,24109780708,24751066911,23848445104,26113333245,31603619042
Poland,POL,1.72E+11,1.91E+11,1.99E+11,2.18E+11,2.55E+11,3.06E+11,3.45E+11,4.29E+11,5.34E+11,4.40E+11,4.76E+11,5.24E+11,4.95E+11,5.16E+11,5.39E+11,4.77E+11,4.70E+11,5.25E+11,5.89E+11,5.96E+11,5.99E+11,6.81E+11,6.88E+11
Pre-demographic dividend,PRE,2.78E+11,2.66E+11,3.06E+11,3.32E+11,4.14E+11,5.17E+11,6.53E+11,7.91E+11,9.87E+11,9.04E+11,1.06E+12,1.24E+12,1.35E+12,1.47E+12,1.56E+12,1.34E+12,1.22E+12,1.30E+12,1.35E+12,1.43E+12,1.31E+12,1.43E+12,1.62E+12
Puerto Rico,PRI,61701800000,69208400000,71623500000,74827400000,80322313000,83914521300,87276164400,89524131600,93639300000,96385600000,98381300000,1.00E+11,1.02E+11,1.02E+11,1.02E+11,1.03E+11,1.04E+11,1.03E+11,1.01E+11,1.05E+11,1.03E+11,1.06E+11,1.13E+11
Portugal,PRT,1.19E+11,1.22E+11,1.35E+11,1.65E+11,1.89E+11,1.97E+11,2.09E+11,2.40E+11,2.63E+11,2.45E+11,2.38E+11,2.45E+11,2.16E+11,2.26E+11,2.30E+11,1.99E+11,2.06E+11,2.21E+11,2.42E+11,2.40E+11,2.29E+11,2.56E+11,2.55E+11
Paraguay,PRY,8855705140,8495806432,7196260657,7691367471,9624440836,10737500188,13429430050,17856393235,24615267664,22355151162,27260886405,33756238767,33271921136,38501122141,40377929296,36211447840,36089700223,38997129474,40225448341,37925338329,35432178068,39950899939,41722295229
West Bank and Gaza,PSE,4313600000,4003700000,3555800000,3968000000,4603100000,5125700000,5348300000,5815700000,7310400000,8085700000,9681500000,11186100000,12208400000,13515500000,13989700000,13972400000,15405400000,16128000000,16276600000,17133500000,15531700000,18109000000,19111900000
Pacific island small states,PSS,3435656409,3389381029,3558832713,4239179347,4877983057,5419134785,5688865058,6273728190,6704438347,6031358946,6634285955,7736812356,8198463635,8523914645,9263445657,9054326773,9504027216,10256679808,10764416947,10709524680,9492350931,9500154100,10324332232
Post-demographic dividend,PST,2.64E+13,2.61E+13,2.73E+13,3.06E+13,3.40E+13,3.57E+13,3.76E+13,4.10E+13,4.35E+13,4.09E+13,4.27E+13,4.58E+13,4.58E+13,4.62E+13,4.71E+13,4.46E+13,4.56E+13,4.75E+13,5.04E+13,5.09E+13,4.97E+13,5.53E+13,5.62E+13
French Polynesia,PYF,3599845480,3573808556,3965405553,4927780607,5564109982,5705052135,5877997980,6631156406,7136741422,6584557974,6086644799,6203940037,5692858099,6031827123,6151996561,5325846362,5497036477,5833352693,6135116253,6022276196,5792545871,6150640646,5814661209
Qatar,QAT,17759890110,17538461538,19363736264,23533791209,31734065934,44530494505,60882142857,79712087912,1.15E+11,97798351648,1.25E+11,1.68E+11,1.87E+11,1.99E+11,2.06E+11,1.62E+11,1.52E+11,1.61E+11,1.83E+11,1.76E+11,1.44E+11,1.80E+11,2.36E+11
Romania,ROU,37253739511,40395116581,46065502703,57806384143,74973656852,98454380120,1.22E+11,1.75E+11,2.14E+11,1.74E+11,1.70E+11,1.93E+11,1.79E+11,1.90E+11,2.00E+11,1.78E+11,1.85E+11,2.10E+11,2.43E+11,2.51E+11,2.51E+11,2.86E+11,3.01E+11
Russian Federation,RUS,2.60E+11,3.07E+11,3.45E+11,4.30E+11,5.91E+11,7.64E+11,9.90E+11,1.30E+12,1.66E+12,1.22E+12,1.52E+12,2.05E+12,2.21E+12,2.29E+12,2.06E+12,1.36E+12,1.28E+12,1.57E+12,1.66E+12,1.69E+12,1.49E+12,1.84E+12,2.24E+12
Rwanda,RWA,2068955253,1966719933,1966111529,2138354521,2376642786,2933999089,3319974269,4070746222,5180228096,5674899033,6125216482,6885492661,7655465590,7820741499,8239766320,8544621757,8696069807,9252834120,9636254325,10346326599,10172303393,11054517346,13311487445
South Asia,SAS,6.48E+11,6.63E+11,6.95E+11,8.12E+11,9.42E+11,1.08E+12,1.22E+12,1.54E+12,1.56E+12,1.70E+12,2.08E+12,2.29E+12,2.33E+12,2.39E+12,2.61E+12,2.73E+12,3.01E+12,3.43E+12,3.53E+12,3.66E+12,3.49E+12,4.06E+12,4.39E+12
Saudi Arabia,SAU,1.90E+11,1.84E+11,1.90E+11,2.16E+11,2.59E+11,3.28E+11,3.77E+11,4.16E+11,5.20E+11,4.29E+11,5.28E+11,6.77E+11,7.42E+11,7.54E+11,7.67E+11,6.69E+11,6.66E+11,7.15E+11,8.47E+11,8.39E+11,7.34E+11,8.74E+11,1.11E+12
Sudan,SDN,12257299147,15716361792,18137128388,21355298460,26646007251,35182711988,45263831634,59440139775,64833083257,58315355287,74151154444,78402830325,63196242385,66027141578,76818769321,84984666745,1.03E+11,1.30E+11,32333780383,32338079165,27034593750,34229513774,51662241775
Senegal,SEN,6013185004,6507824829,7006402320,8768721563,10076816667,11009033438,11697918243,13994218413,16853989628,16145867495,16121315909,17814283639,17660870412,18918667725,19797253440,17774766696,19040312333,20996562944,23116701556,23403995992,24530513038,27569136730,27684264748
Singapore,SGP,96076539926,89793790670,92538372870,97646401096,1.15E+11,1.28E+11,1.49E+11,1.81E+11,1.94E+11,1.94E+11,2.40E+11,2.79E+11,2.95E+11,3.08E+11,3.15E+11,3.08E+11,3.19E+11,3.43E+11,3.77E+11,3.77E+11,3.48E+11,4.24E+11,4.67E+11
Solomon Islands,SLB,419842674.2,409508553,346406738.9,417668983.4,468005318.6,552864570.2,617258154.3,695295347.6,776337691.8,805557562.6,898133684.9,1063895361,1185215418,1285911586,1335571421,1307909888,1379490304,1469789119,1615478393,1619155017,1536145814,1580303515,1597204341
Sierra Leone,SLE,635874002.2,1074851475,1236235827,1369685677,1430217081,1627058425,1862116291,2126679544,2451896435,2419014960,2578159804,2932274309,3789251613,4920343317,5015180725,4252029354,3862721266,3719443418,4085114388,4076578699,4062906266,4249234704,4094563859
El Salvador,SLV,11784927700,12282533600,12664190300,13243892200,13724810900,14698000000,15999890000,17011750000,17986890000,17601620000,18447920000,20283780000,21386150000,21990960000,22593470000,23438240000,24191430000,24979190000,26020850000,26881140000,24930080000,29451240000,32488720000
San Marino,SMR,1005159388,1077413479,1168269231,1464326161,1723750000,1785847531,1908167106,2185874624,2393437820,2056126702,1881191950,1813717695,1604701051,1678741202,1673910988,1419400404,1468342431,1528621195,1655354304,1616188702,1541247884,1855382833,
Serbia,SRB,6875845987,12960546471,17120906918,22482365322,26141968161,27683225959,32482070360,43170990616,52194221469,45162894381,41819468692,49258136129,43309252921,48394239475,47062202419,39655949731,40692661657,44179075779,50640662859,51514242939,53356484591,63101069561,63563401044
Sub-Saharan Africa (excluding high income),SSA,4.24E+11,4.06E+11,4.42E+11,5.57E+11,6.92E+11,8.22E+11,9.73E+11,1.13E+12,1.28E+12,1.23E+12,1.46E+12,1.65E+12,1.72E+12,1.82E+12,1.90E+12,1.70E+12,1.58E+12,1.71E+12,1.78E+12,1.83E+12,1.71E+12,1.93E+12,2.06E+12
Sub-Saharan Africa,SSF,4.24E+11,4.07E+11,4.43E+11,5.58E+11,6.93E+11,8.23E+11,9.74E+11,1.13E+12,1.28E+12,1.23E+12,1.47E+12,1.65E+12,1.72E+12,1.82E+12,1.90E+12,1.70E+12,1.58E+12,1.71E+12,1.78E+12,1.83E+12,1.72E+12,1.93E+12,2.06E+12
Small states,SST,1.29E+11,1.30E+11,1.39E+11,1.66E+11,2.00E+11,2.38E+11,2.77E+11,3.32E+11,4.00E+11,3.43E+11,3.94E+11,4.75E+11,4.96E+11,5.16E+11,5.33E+11,4.55E+11,4.47E+11,4.83E+11,5.31E+11,5.22E+11,4.54E+11,5.43E+11,6.36E+11
Sao Tome and Principe,STP,,75951133.38,85171073.88,102085769.1,114582283.9,136450662.4,142775104.1,149146918.9,188021165,200668065,190021192.5,226455001.2,229371348.2,267041747.6,293119143.2,259999643,292267272.2,322002845.2,383717327.8,412976064.5,471229484.6,524402450.8,542686976.5
Suriname,SUR,947671969.7,834279357.8,1093574468,1274190311,1484092538,1793410397,2626380435,2936612022,3532969035,3875409836,4368370998,4422276622,4980000000,5145757576,5240606061,5126237646,3317421648,3591679431,3996198867,4016040575,2911807496,3081401726,3620987993
Slovak Republic,SVK,29242558797,30778781607,35297794386,46919965224,57437444469,62808723477,70767338922,86563986799,1.01E+11,89399303222,91162836320,99922685425,94623731086,98935222175,1.01E+11,88900883131,89952699525,95649966261,1.06E+11,1.06E+11,1.07E+11,1.19E+11,1.15E+11
Slovenia,SVN,20289627637,20876309970,23489890274,29634713641,34414784504,36206395971,39481045038,48067401207,55779427740,50567734886,48208240226,51583869785,46577793184,48415657265,49997186439,43107506024,44766722791,48589100043,54177882426,54386654314,53734526854,61832201544,60063475466
Sweden,SWE,2.63E+11,2.42E+11,2.67E+11,3.34E+11,3.85E+11,3.92E+11,4.23E+11,4.91E+11,5.18E+11,4.37E+11,4.96E+11,5.74E+11,5.52E+11,5.87E+11,5.82E+11,5.05E+11,5.16E+11,5.41E+11,5.55E+11,5.34E+11,5.47E+11,6.40E+11,5.92E+11
Eswatini,SWZ,1738093840,1542477309,1432221739,2197598466,2770082792,3178112499,3291330019,3469381231,3294084314,3580428053,4438765086,4820478680,4886551484,4597552982,4422986272,4063245671,3816019193,4402969226,4666598024,4466214591,3982236693,4850842572,4790922066
Seychelles,SYC,654212394.3,662064155.9,742134837.5,750847230.1,893012218.2,977899381.8,1081441283,1077308814,979597394.3,851064347.1,981917973.7,1059249932,1089880685,1324915185,1387576450,1391427967,1458954073,1529773473,1588050311,1645090567,1183515314,1286687308,1588438144
Syrian Arab Republic,SYR,80590022272,86771314031,90558485523,95693808463,1.13E+11,1.34E+11,1.54E+11,1.80E+11,2.18E+11,2.25E+11,2.53E+11,67539428159,43190318033,21361254635,21502061466,16468399173,12598742889,16369724424,21496337949,22600896343,11156757922,8969512933,
Turks and Caicos Islands,TCA,,358744800,366707900,409753600,485598800,578645800,721891500,773489700,862683600,703175800,686787800,728789600,727161000,754238000,841070000,942070000,1032452000,1022365000,1113178000,1197415000,924583000,1044778790,1138808881
Chad,TCD,1388506772,1710843377,1997005709,2742815072,4422855661,6649307524,7428701454,8650137743,10393833765,9290728319,10668103554,12172308851,12367362757,12953534866,13940767219,10950392257,10097778098,10000394381,11239167898,11314951092,10715396042,11779981333,12704149840
East Asia & Pacific (IDA & IBRD countries),TEA,1.73E+12,1.84E+12,2.04E+12,2.31E+12,2.68E+12,3.10E+12,3.74E+12,4.73E+12,5.98E+12,6.48E+12,7.89E+12,9.64E+12,1.07E+13,1.19E+13,1.28E+13,1.33E+13,1.36E+13,1.49E+13,1.66E+13,1.72E+13,1.75E+13,2.08E+13,2.12E+13
Europe & Central Asia (IDA & IBRD countries),TEC,8.95E+11,9.10E+11,1.02E+12,1.26E+12,1.63E+12,2.04E+12,2.47E+12,3.17E+12,3.93E+12,3.11E+12,3.66E+12,4.45E+12,4.65E+12,4.92E+12,4.64E+12,3.63E+12,3.49E+12,3.91E+12,4.08E+12,4.16E+12,3.90E+12,4.62E+12,5.19E+12
Togo,TGO,1491891156,1482437766,1706698033,2115836258,2259992505,2281483016,2351584496,3759962853,4578847113,4721888275,4746386893,5422439152,5413541649,6021729630,6393314708,5755457836,6071167584,6387424240,7029215766,6992654019,7486031562,8443112143,8341225241
Thailand,THA,1.26E+11,1.20E+11,1.34E+11,1.52E+11,1.73E+11,1.89E+11,2.22E+11,2.63E+11,2.91E+11,2.82E+11,3.41E+11,3.71E+11,3.98E+11,4.20E+11,4.07E+11,4.01E+11,4.13E+11,4.56E+11,5.07E+11,5.44E+11,5.00E+11,5.06E+11,4.95E+11
Tajikistan,TJK,860541842.3,1080772703,1221106073,1555318431,2076176636,2312352268,2830213563,3719524181,5161299725,4979471964,5642221529,6522755783,7633036366,8448410727,9112606074,8271431932,6992416097,7536403147,7765000282,8300813890,8133963813,8937805347,10492123388
Turkmenistan,TKM,2904663311,3534772732,4462029109,5977440583,6838351088,8103901996,10276674365,12664165103,19271523179,20214385965,22583157895,29233333333,35164210526,39197543860,43524210526,35799714286,36169428571,37926285714,40765428571,45232857143,45818000000,50007428571,56542857143
Latin America & the Caribbean (IDA & IBRD countries),TLA,2.21E+12,2.16E+12,1.93E+12,1.96E+12,2.26E+12,2.75E+12,3.23E+12,3.82E+12,4.46E+12,4.17E+12,5.21E+12,5.94E+12,6.00E+12,6.15E+12,6.27E+12,5.19E+12,5.05E+12,5.63E+12,5.50E+12,5.41E+12,4.56E+12,5.28E+12,6.00E+12
Timor-Leste,TLS,366924300,477443500,469455500,490439100,440772000,462268000,453792400,542795400,648523600,726937800,881909300,1042534600,1160555000,1395727400,1447535200,1595205100,1652603700,1598208400,1566157200,2027034000,2162619200,3621958000,3204753000
Middle East & North Africa (IDA & IBRD countries),TMN,5.32E+11,5.38E+11,5.25E+11,5.74E+11,6.81E+11,8.03E+11,9.37E+11,1.14E+12,1.41E+12,1.37E+12,1.58E+12,1.63E+12,1.75E+12,1.61E+12,1.59E+12,1.43E+12,1.46E+12,1.46E+12,1.39E+12,1.39E+12,1.27E+12,1.48E+12,1.68E+12
Tonga,TON,204848487.8,181117230.4,182764280.8,202246591.2,230657627.2,261803684.2,292230662.4,298519024.1,344436582.1,312377678.8,366832215.2,414533117.7,470705196.4,450650633,439877614.4,437003078.6,420548712.4,460374354.8,488906838.6,512053692.1,484796854.9,469228219.7,
South Asia (IDA & IBRD),TSA,6.48E+11,6.63E+11,6.95E+11,8.12E+11,9.42E+11,1.08E+12,1.22E+12,1.54E+12,1.56E+12,1.70E+12,2.08E+12,2.29E+12,2.33E+12,2.39E+12,2.61E+12,2.73E+12,3.01E+12,3.43E+12,3.53E+12,3.66E+12,3.49E+12,4.06E+12,4.39E+12
Sub-Saharan Africa (IDA & IBRD countries),TSS,4.24E+11,4.07E+11,4.43E+11,5.58E+11,6.93E+11,8.23E+11,9.74E+11,1.13E+12,1.28E+12,1.23E+12,1.47E+12,1.65E+12,1.72E+12,1.82E+12,1.90E+12,1.70E+12,1.58E+12,1.71E+12,1.78E+12,1.83E+12,1.72E+12,1.93E+12,2.06E+12
Trinidad and Tobago,TTO,8154338233,8824873259,9008273721,11305459802,13280275123,15982282462,18369361094,21641620050,27871587350,19172165226,22157948396,25433011405,27334581560,28709988700,29699968761,27026080987,23713671528,24040299978,24569079488,23775754305,20807571314,24496505941,30053575132
Tunisia,TUN,21473528161,22065832449,23141616605,27453902261,31183885241,32272186695,34376664601,38915353867,44859439902,43455740497,46206091938,48123325825,47311401813,48685446414,50271812921,45779494042,44360072680,42163530591,42686580021,41905540184,42538289933,46687293140,46303552449
Turkiye,TUR,2.74E+11,2.02E+11,2.40E+11,3.15E+11,4.09E+11,5.06E+11,5.57E+11,6.81E+11,7.70E+11,6.49E+11,7.77E+11,8.39E+11,8.81E+11,9.58E+11,9.39E+11,8.64E+11,8.70E+11,8.59E+11,7.79E+11,7.61E+11,7.20E+11,8.20E+11,9.07E+11
Tuvalu,TUV,15073975.53,13964732.33,16842672.6,19456338.03,22798274.98,22909979.82,24096875.46,28450168.69,31874434.86,28076983.97,32105408.48,39196957.49,39345579.47,38615890.63,38760982.65,36811936.08,41629064.22,45276595.35,48015259.88,54123198.57,51746594.31,60196405.71,59065979.02
Tanzania,TZA,13376365875,13568654924,14134511339,15216719215,16678796642,18395383647,18619859795,21860434823,27947821398,29400573554,32012892919,34657140096,39650394363,45648857242,49986726461,47413919817,49774409374,53274884533,57003712892,61026731926,66068737786,70655628148,75732311666
Uganda,UGA,6193246837,5840503869,6178563591,6606884275,7939487548,9239221763,9977647683,11902564495,14440404132,25127805567,26673441431,27871725241,27305915911,28915786517,32612397257,32387183730,29203988696,30744473841,32927025620,35348155095,37605430214,40510241366,45567304608
Ukraine,UKR,32375083935,39309580983,43956163612,52010355753,67220154164,89238865119,1.12E+11,1.49E+11,1.88E+11,1.22E+11,1.41E+11,1.69E+11,1.83E+11,1.90E+11,1.34E+11,91030967789,93355869404,1.12E+11,1.31E+11,1.54E+11,1.57E+11,2.00E+11,1.61E+11
Upper middle income,UMC,4.45E+12,4.47E+12,4.54E+12,5.09E+12,6.07E+12,7.26E+12,8.65E+12,1.07E+13,1.30E+13,1.26E+13,1.54E+13,1.86E+13,1.99E+13,2.13E+13,2.19E+13,2.06E+13,2.05E+13,2.27E+13,2.44E+13,2.48E+13,2.40E+13,2.85E+13,3.01E+13
Uruguay,URY,22823270892,20898761742,13606515723,12045638352,13686329890,17362857684,19741420740,23797773024,31119602539,32708319078,41950361212,50342406067,54232266359,61337621934,61496186974,57680327999,57480788380,65006047680,65203071818,62048585619,53666908054,61412268249,71177146197
United States,USA,1.03E+13,1.06E+13,1.09E+13,1.15E+13,1.22E+13,1.30E+13,1.38E+13,1.45E+13,1.48E+13,1.45E+13,1.50E+13,1.56E+13,1.63E+13,1.68E+13,1.76E+13,1.82E+13,1.87E+13,1.95E+13,2.05E+13,2.14E+13,2.11E+13,2.33E+13,2.54E+13
Uzbekistan,UZB,13760513969,11401421329,9687788513,10134453435,12030023548,14307509839,17330833853,22311393928,29549438884,33689223673,49765676402,60178909297,67517349212,73180037911,80845385816,86196264742,86138288633,62081322740,52870108217,60283503705,60224701297,69600614987,80391853887
St. Vincent and the Grenadines,VCT,427946037,462072333.3,487763851.9,509090888.9,549900185.2,579948925.9,643501148.1,713596666.7,732663259.3,714300259.3,720447888.9,713796370.4,730032592.6,764781259.3,770900000,786555555.6,814303703.7,844037037,884329629.6,910766666.7,869111111.1,872222222.2,948559259.3
"Venezuela, RB",VEN,1.17E+11,1.23E+11,92893587734,83620628582,1.12E+11,1.46E+11,1.83E+11,2.30E+11,3.16E+11,3.30E+11,3.93E+11,3.16E+11,3.81E+11,3.71E+11,4.82E+11,,,,,,,,
Virgin Islands (U.S.),VIR,,,3262000000,3443000000,3797000000,4428000000,4484000000,4784000000,4244000000,4201000000,4324000000,4223000000,4089000000,3738000000,3565000000,3663000000,3798000000,3794000000,3923000000,4121000000,4189000000,4444000000,
Viet Nam,VNM,31172518403,32685198809,35064105501,39552513232,45427854693,57633255738,66371664817,77414425532,99130304099,1.06E+11,1.47E+11,1.73E+11,1.96E+11,2.14E+11,2.33E+11,2.39E+11,2.57E+11,2.81E+11,3.10E+11,3.34E+11,3.47E+11,3.66E+11,4.09E+11
Vanuatu,VUT,272014627.8,257926881.7,262596535.5,314471413,364996869.1,394962433,439358586.5,516392922.5,590748429.4,592622319.1,670712979.7,770153588.2,747839697.7,758304466.2,772315983.8,730870803,780889605.9,880061833.7,914736985.4,936526267.6,909421043.5,971636097.9,1055811724
World,WLD,3.39E+13,3.37E+13,3.50E+13,3.92E+13,4.42E+13,4.79E+13,5.19E+13,5.84E+13,6.42E+13,6.09E+13,6.67E+13,7.40E+13,7.56E+13,7.77E+13,7.98E+13,7.53E+13,7.65E+13,8.15E+13,8.65E+13,8.78E+13,8.53E+13,9.72E+13,1.01E+14
Samoa,WSM,258856139.8,266299591.5,281790134.2,333426188.4,407747565.1,476801793.2,499923757.8,573548459.8,641346191.7,628006115.4,680260907.2,744097050.2,773141661.2,797736334.3,796683519.6,824150498.7,843924796.7,884844384.5,878448433.4,912950466.1,868898358.3,843923638.7,832945205.6
Kosovo,XKX,,,,,,,,,5181776769,5015894693,5343950556,6341613610,6163484245,6735328610,7074394735,6295848423,6682677290,7180764703,7878759715,7899737577,7717145218,9412034299,9409473518
"Yemen, Rep.",YEM,9679316770,9852990693,10693430511,11777532662,13867634371,16731566717,19063143370,21650528674,26910855807,25130278213,30906749533,32726417878,35401331610,40415233436,43228585321,42444489522,31317824943,26842228829,21606160784,,,,
South Africa,ZAF,1.52E+11,1.35E+11,1.29E+11,1.97E+11,2.56E+11,2.89E+11,3.04E+11,3.33E+11,3.16E+11,3.30E+11,4.17E+11,4.58E+11,4.34E+11,4.01E+11,3.81E+11,3.47E+11,3.24E+11,3.81E+11,4.05E+11,3.89E+11,3.38E+11,4.20E+11,4.05E+11
Zambia,ZMB,3600632111,4094441301,4193850445,4901869764,6221110219,8331870169,12756858899,14056957976,17910858638,15328342304,20265559484,23459515276,25503060420,28037239463,27141023558,21251216799,20958412538,25873601261,26311507274,23308667781,18110638269,22096416934,29163782138
Zimbabwe,ZWE,6689957600,6777384700,6342116400,5727591800,5805598400,5755215200,5443896500,5291950100,4415702800,9665793300,12041655200,14101920300,17114849900,19091020000,19495519600,19963120600,20548678100,17584890937,34156069918,21832234921,21509698407,28371238666,27366627153